-- MySQL dump 10.16  Distrib 10.1.37-MariaDB, for debian-linux-gnu (x86_64)
--
-- Host: recurso_social_db    Database: recursosocial
-- ------------------------------------------------------
-- Server version	5.6.42

/*!40101 SET @OLD_CHARACTER_SET_CLIENT=@@CHARACTER_SET_CLIENT */;
/*!40101 SET @OLD_CHARACTER_SET_RESULTS=@@CHARACTER_SET_RESULTS */;
/*!40101 SET @OLD_COLLATION_CONNECTION=@@COLLATION_CONNECTION */;
/*!40101 SET NAMES utf8 */;
/*!40103 SET @OLD_TIME_ZONE=@@TIME_ZONE */;
/*!40103 SET TIME_ZONE='+00:00' */;
/*!40014 SET @OLD_UNIQUE_CHECKS=@@UNIQUE_CHECKS, UNIQUE_CHECKS=0 */;
/*!40014 SET @OLD_FOREIGN_KEY_CHECKS=@@FOREIGN_KEY_CHECKS, FOREIGN_KEY_CHECKS=0 */;
/*!40101 SET @OLD_SQL_MODE=@@SQL_MODE, SQL_MODE='NO_AUTO_VALUE_ON_ZERO' */;
/*!40111 SET @OLD_SQL_NOTES=@@SQL_NOTES, SQL_NOTES=0 */;

--
-- Table structure for table `audit_data`
--

DROP TABLE IF EXISTS `audit_data`;
/*!40101 SET @saved_cs_client     = @@character_set_client */;
/*!40101 SET character_set_client = utf8 */;
CREATE TABLE `audit_data` (
  `id` int(11) NOT NULL AUTO_INCREMENT,
  `entry_id` int(11) NOT NULL,
  `type` varchar(255) NOT NULL,
  `data` blob,
  `created` datetime DEFAULT NULL,
  PRIMARY KEY (`id`),
  KEY `fk_audit_data_entry_id` (`entry_id`),
  CONSTRAINT `fk_audit_data_entry_id` FOREIGN KEY (`entry_id`) REFERENCES `audit_entry` (`id`)
) ENGINE=InnoDB DEFAULT CHARSET=utf8;
/*!40101 SET character_set_client = @saved_cs_client */;

--
-- Dumping data for table `audit_data`
--

LOCK TABLES `audit_data` WRITE;
/*!40000 ALTER TABLE `audit_data` DISABLE KEYS */;
/*!40000 ALTER TABLE `audit_data` ENABLE KEYS */;
UNLOCK TABLES;

--
-- Table structure for table `audit_entry`
--

DROP TABLE IF EXISTS `audit_entry`;
/*!40101 SET @saved_cs_client     = @@character_set_client */;
/*!40101 SET character_set_client = utf8 */;
CREATE TABLE `audit_entry` (
  `id` int(11) NOT NULL AUTO_INCREMENT,
  `created` datetime NOT NULL,
  `user_id` int(11) DEFAULT '0',
  `duration` float DEFAULT NULL,
  `ip` varchar(45) DEFAULT NULL,
  `request_method` varchar(16) DEFAULT NULL,
  `ajax` int(1) NOT NULL DEFAULT '0',
  `route` varchar(255) DEFAULT NULL,
  `memory_max` int(11) DEFAULT NULL,
  PRIMARY KEY (`id`),
  KEY `idx_user_id` (`user_id`),
  KEY `idx_route` (`route`)
) ENGINE=InnoDB AUTO_INCREMENT=4690 DEFAULT CHARSET=utf8;
/*!40101 SET character_set_client = @saved_cs_client */;

--
-- Dumping data for table `audit_entry`
--

LOCK TABLES `audit_entry` WRITE;
/*!40000 ALTER TABLE `audit_entry` DISABLE KEYS */;
/*!40000 ALTER TABLE `audit_entry` ENABLE KEYS */;
UNLOCK TABLES;

--
-- Table structure for table `audit_error`
--

DROP TABLE IF EXISTS `audit_error`;
/*!40101 SET @saved_cs_client     = @@character_set_client */;
/*!40101 SET character_set_client = utf8 */;
CREATE TABLE `audit_error` (
  `id` int(11) NOT NULL AUTO_INCREMENT,
  `entry_id` int(11) NOT NULL,
  `created` datetime NOT NULL,
  `message` text NOT NULL,
  `code` int(11) DEFAULT '0',
  `file` varchar(512) DEFAULT NULL,
  `line` int(11) DEFAULT NULL,
  `trace` blob,
  `hash` varchar(32) DEFAULT NULL,
  `emailed` tinyint(1) NOT NULL DEFAULT '0',
  PRIMARY KEY (`id`),
  KEY `fk_audit_error_entry_id` (`entry_id`),
  KEY `idx_file` (`file`(180)),
  KEY `idx_emailed` (`emailed`),
  CONSTRAINT `fk_audit_error_entry_id` FOREIGN KEY (`entry_id`) REFERENCES `audit_entry` (`id`)
) ENGINE=InnoDB DEFAULT CHARSET=utf8;
/*!40101 SET character_set_client = @saved_cs_client */;

--
-- Dumping data for table `audit_error`
--

LOCK TABLES `audit_error` WRITE;
/*!40000 ALTER TABLE `audit_error` DISABLE KEYS */;
/*!40000 ALTER TABLE `audit_error` ENABLE KEYS */;
UNLOCK TABLES;

--
-- Table structure for table `audit_javascript`
--

DROP TABLE IF EXISTS `audit_javascript`;
/*!40101 SET @saved_cs_client     = @@character_set_client */;
/*!40101 SET character_set_client = utf8 */;
CREATE TABLE `audit_javascript` (
  `id` int(11) NOT NULL AUTO_INCREMENT,
  `entry_id` int(11) NOT NULL,
  `created` datetime NOT NULL,
  `type` varchar(20) NOT NULL,
  `message` text NOT NULL,
  `origin` varchar(512) DEFAULT NULL,
  `data` blob,
  PRIMARY KEY (`id`),
  KEY `fk_audit_javascript_entry_id` (`entry_id`),
  CONSTRAINT `fk_audit_javascript_entry_id` FOREIGN KEY (`entry_id`) REFERENCES `audit_entry` (`id`)
) ENGINE=InnoDB DEFAULT CHARSET=utf8;
/*!40101 SET character_set_client = @saved_cs_client */;

--
-- Dumping data for table `audit_javascript`
--

LOCK TABLES `audit_javascript` WRITE;
/*!40000 ALTER TABLE `audit_javascript` DISABLE KEYS */;
/*!40000 ALTER TABLE `audit_javascript` ENABLE KEYS */;
UNLOCK TABLES;

--
-- Table structure for table `audit_mail`
--

DROP TABLE IF EXISTS `audit_mail`;
/*!40101 SET @saved_cs_client     = @@character_set_client */;
/*!40101 SET character_set_client = utf8 */;
CREATE TABLE `audit_mail` (
  `id` int(11) NOT NULL AUTO_INCREMENT,
  `entry_id` int(11) NOT NULL,
  `created` datetime NOT NULL,
  `successful` int(11) NOT NULL,
  `from` varchar(255) DEFAULT NULL,
  `to` varchar(255) DEFAULT NULL,
  `reply` varchar(255) DEFAULT NULL,
  `cc` varchar(255) DEFAULT NULL,
  `bcc` varchar(255) DEFAULT NULL,
  `subject` varchar(255) DEFAULT NULL,
  `text` blob,
  `html` blob,
  `data` longblob,
  PRIMARY KEY (`id`),
  KEY `fk_audit_mail_entry_id` (`entry_id`),
  CONSTRAINT `fk_audit_mail_entry_id` FOREIGN KEY (`entry_id`) REFERENCES `audit_entry` (`id`)
) ENGINE=InnoDB DEFAULT CHARSET=utf8;
/*!40101 SET character_set_client = @saved_cs_client */;

--
-- Dumping data for table `audit_mail`
--

LOCK TABLES `audit_mail` WRITE;
/*!40000 ALTER TABLE `audit_mail` DISABLE KEYS */;
/*!40000 ALTER TABLE `audit_mail` ENABLE KEYS */;
UNLOCK TABLES;

--
-- Table structure for table `audit_trail`
--

DROP TABLE IF EXISTS `audit_trail`;
/*!40101 SET @saved_cs_client     = @@character_set_client */;
/*!40101 SET character_set_client = utf8 */;
CREATE TABLE `audit_trail` (
  `id` int(11) NOT NULL AUTO_INCREMENT,
  `entry_id` int(11) DEFAULT NULL,
  `user_id` int(11) DEFAULT NULL,
  `action` varchar(255) NOT NULL,
  `model` varchar(255) NOT NULL,
  `model_id` varchar(255) NOT NULL,
  `field` varchar(255) DEFAULT NULL,
  `old_value` text,
  `new_value` text,
  `created` datetime NOT NULL,
  PRIMARY KEY (`id`),
  KEY `fk_audit_trail_entry_id` (`entry_id`),
  KEY `idx_audit_user_id` (`user_id`),
  KEY `idx_audit_trail_field` (`model`,`model_id`,`field`),
  KEY `idx_audit_trail_action` (`action`),
  CONSTRAINT `fk_audit_trail_entry_id` FOREIGN KEY (`entry_id`) REFERENCES `audit_entry` (`id`)
) ENGINE=InnoDB DEFAULT CHARSET=utf8;
/*!40101 SET character_set_client = @saved_cs_client */;

--
-- Dumping data for table `audit_trail`
--

LOCK TABLES `audit_trail` WRITE;
/*!40000 ALTER TABLE `audit_trail` DISABLE KEYS */;
/*!40000 ALTER TABLE `audit_trail` ENABLE KEYS */;
UNLOCK TABLES;

--
-- Table structure for table `aula`
--

DROP TABLE IF EXISTS `aula`;
/*!40101 SET @saved_cs_client     = @@character_set_client */;
/*!40101 SET character_set_client = utf8 */;
CREATE TABLE `aula` (
  `recursoid` int(11) NOT NULL,
  `alumnoid` int(11) NOT NULL,
  PRIMARY KEY (`recursoid`,`alumnoid`),
  CONSTRAINT `fk_aula_recursoid` FOREIGN KEY (`recursoid`) REFERENCES `recurso` (`id`) ON DELETE CASCADE
) ENGINE=InnoDB DEFAULT CHARSET=utf8;
/*!40101 SET character_set_client = @saved_cs_client */;

--
-- Dumping data for table `aula`
--

LOCK TABLES `aula` WRITE;
/*!40000 ALTER TABLE `aula` DISABLE KEYS */;
/*!40000 ALTER TABLE `aula` ENABLE KEYS */;
UNLOCK TABLES;

--
-- Table structure for table `auth_assignment`
--

DROP TABLE IF EXISTS `auth_assignment`;
/*!40101 SET @saved_cs_client     = @@character_set_client */;
/*!40101 SET character_set_client = utf8 */;
CREATE TABLE `auth_assignment` (
  `item_name` varchar(64) COLLATE utf8_unicode_ci NOT NULL,
  `user_id` varchar(64) COLLATE utf8_unicode_ci NOT NULL,
  `created_at` int(11) DEFAULT NULL,
  PRIMARY KEY (`item_name`,`user_id`),
  KEY `auth_assignment_user_id_idx` (`user_id`),
  CONSTRAINT `auth_assignment_ibfk_1` FOREIGN KEY (`item_name`) REFERENCES `auth_item` (`name`) ON DELETE CASCADE ON UPDATE CASCADE
) ENGINE=InnoDB DEFAULT CHARSET=utf8 COLLATE=utf8_unicode_ci;
/*!40101 SET character_set_client = @saved_cs_client */;

--
-- Dumping data for table `auth_assignment`
--

LOCK TABLES `auth_assignment` WRITE;
/*!40000 ALTER TABLE `auth_assignment` DISABLE KEYS */;
/*!40000 ALTER TABLE `auth_assignment` ENABLE KEYS */;
UNLOCK TABLES;

--
-- Table structure for table `auth_item`
--

DROP TABLE IF EXISTS `auth_item`;
/*!40101 SET @saved_cs_client     = @@character_set_client */;
/*!40101 SET character_set_client = utf8 */;
CREATE TABLE `auth_item` (
  `name` varchar(64) COLLATE utf8_unicode_ci NOT NULL,
  `type` smallint(6) NOT NULL,
  `description` text COLLATE utf8_unicode_ci,
  `rule_name` varchar(64) COLLATE utf8_unicode_ci DEFAULT NULL,
  `data` blob,
  `created_at` int(11) DEFAULT NULL,
  `updated_at` int(11) DEFAULT NULL,
  PRIMARY KEY (`name`),
  KEY `rule_name` (`rule_name`),
  KEY `idx-auth_item-type` (`type`),
  CONSTRAINT `auth_item_ibfk_1` FOREIGN KEY (`rule_name`) REFERENCES `auth_rule` (`name`) ON DELETE SET NULL ON UPDATE CASCADE
) ENGINE=InnoDB DEFAULT CHARSET=utf8 COLLATE=utf8_unicode_ci;
/*!40101 SET character_set_client = @saved_cs_client */;

--
-- Dumping data for table `auth_item`
--

LOCK TABLES `auth_item` WRITE;
/*!40000 ALTER TABLE `auth_item` DISABLE KEYS */;
INSERT INTO `auth_item` VALUES ('acreditar_prestacion',2,'Permite visualizar una prestación y acreditarla',NULL,NULL,1557243158,1557243158),('baja_prestacion',2,'Permite visualizar una prestación y darla de baja',NULL,NULL,1557243211,1557243211),('consultar_persona',2,'Permite buscar y visualizar un lista de persona',NULL,NULL,1557242128,1557242675),('consultar_prestacion',2,'Solo permite visualizar una prestación con la persona',NULL,NULL,1557242362,1557242362),('crear_modificar_persona',2,'Permite crear, modificar y visualizar una persona',NULL,NULL,1557242240,1557243629),('crear_modificar_prestacion',2,'Esto permite crear y editar un beneficiario con su prestación',NULL,NULL,1557242998,1557244032),('usuario_carga',1,'Este tipo de usuario puede cargar, editar y visualizar un beneficiario con su prestación',NULL,NULL,1557238559,1557244060),('usuario_consulta',1,'Este tipo de usuario solo puede visualizar reportes de prestaciones junto con el beneficiario',NULL,NULL,1557238482,1557243805),('usuario_soporte',1,'Se encarga de administrar el sistema',NULL,NULL,1557160315,1557244270);
/*!40000 ALTER TABLE `auth_item` ENABLE KEYS */;
UNLOCK TABLES;

--
-- Table structure for table `auth_item_child`
--

DROP TABLE IF EXISTS `auth_item_child`;
/*!40101 SET @saved_cs_client     = @@character_set_client */;
/*!40101 SET character_set_client = utf8 */;
CREATE TABLE `auth_item_child` (
  `parent` varchar(64) COLLATE utf8_unicode_ci NOT NULL,
  `child` varchar(64) COLLATE utf8_unicode_ci NOT NULL,
  PRIMARY KEY (`parent`,`child`),
  KEY `child` (`child`),
  CONSTRAINT `auth_item_child_ibfk_1` FOREIGN KEY (`parent`) REFERENCES `auth_item` (`name`) ON DELETE CASCADE ON UPDATE CASCADE,
  CONSTRAINT `auth_item_child_ibfk_2` FOREIGN KEY (`child`) REFERENCES `auth_item` (`name`) ON DELETE CASCADE ON UPDATE CASCADE
) ENGINE=InnoDB DEFAULT CHARSET=utf8 COLLATE=utf8_unicode_ci;
/*!40101 SET character_set_client = @saved_cs_client */;

--
-- Dumping data for table `auth_item_child`
--

LOCK TABLES `auth_item_child` WRITE;
/*!40000 ALTER TABLE `auth_item_child` DISABLE KEYS */;
INSERT INTO `auth_item_child` VALUES ('consultar_prestacion','consultar_persona'),('crear_modificar_persona','consultar_persona'),('usuario_consulta','consultar_persona'),('acreditar_prestacion','consultar_prestacion'),('baja_prestacion','consultar_prestacion'),('usuario_consulta','consultar_prestacion'),('crear_modificar_prestacion','crear_modificar_persona'),('usuario_carga','crear_modificar_prestacion');
/*!40000 ALTER TABLE `auth_item_child` ENABLE KEYS */;
UNLOCK TABLES;

--
-- Table structure for table `auth_rule`
--

DROP TABLE IF EXISTS `auth_rule`;
/*!40101 SET @saved_cs_client     = @@character_set_client */;
/*!40101 SET character_set_client = utf8 */;
CREATE TABLE `auth_rule` (
  `name` varchar(64) COLLATE utf8_unicode_ci NOT NULL,
  `data` blob,
  `created_at` int(11) DEFAULT NULL,
  `updated_at` int(11) DEFAULT NULL,
  PRIMARY KEY (`name`)
) ENGINE=InnoDB DEFAULT CHARSET=utf8 COLLATE=utf8_unicode_ci;
/*!40101 SET character_set_client = @saved_cs_client */;

--
-- Dumping data for table `auth_rule`
--

LOCK TABLES `auth_rule` WRITE;
/*!40000 ALTER TABLE `auth_rule` DISABLE KEYS */;
/*!40000 ALTER TABLE `auth_rule` ENABLE KEYS */;
UNLOCK TABLES;

--
-- Table structure for table `migration`
--

DROP TABLE IF EXISTS `migration`;
/*!40101 SET @saved_cs_client     = @@character_set_client */;
/*!40101 SET character_set_client = utf8 */;
CREATE TABLE `migration` (
  `version` varchar(180) NOT NULL,
  `apply_time` int(11) DEFAULT NULL,
  PRIMARY KEY (`version`)
) ENGINE=InnoDB DEFAULT CHARSET=utf8;
/*!40101 SET character_set_client = @saved_cs_client */;

--
-- Dumping data for table `migration`
--

LOCK TABLES `migration` WRITE;
/*!40000 ALTER TABLE `migration` DISABLE KEYS */;
INSERT INTO `migration` VALUES ('m000000_000000_base',1552672687);
/*!40000 ALTER TABLE `migration` ENABLE KEYS */;
UNLOCK TABLES;

--
-- Table structure for table `profile`
--

DROP TABLE IF EXISTS `profile`;
/*!40101 SET @saved_cs_client     = @@character_set_client */;
/*!40101 SET character_set_client = utf8 */;
CREATE TABLE `profile` (
  `user_id` int(11) NOT NULL,
  `name` varchar(255) COLLATE utf8_unicode_ci DEFAULT NULL,
  `public_email` varchar(255) COLLATE utf8_unicode_ci DEFAULT NULL,
  `gravatar_email` varchar(255) COLLATE utf8_unicode_ci DEFAULT NULL,
  `gravatar_id` varchar(32) COLLATE utf8_unicode_ci DEFAULT NULL,
  `location` varchar(255) COLLATE utf8_unicode_ci DEFAULT NULL,
  `website` varchar(255) COLLATE utf8_unicode_ci DEFAULT NULL,
  `bio` text COLLATE utf8_unicode_ci,
  `timezone` varchar(40) COLLATE utf8_unicode_ci DEFAULT NULL,
  PRIMARY KEY (`user_id`),
  CONSTRAINT `fk_user_profile` FOREIGN KEY (`user_id`) REFERENCES `user` (`id`) ON DELETE CASCADE
) ENGINE=InnoDB DEFAULT CHARSET=utf8 COLLATE=utf8_unicode_ci;
/*!40101 SET character_set_client = @saved_cs_client */;

--
-- Dumping data for table `profile`
--

LOCK TABLES `profile` WRITE;
/*!40000 ALTER TABLE `profile` DISABLE KEYS */;
INSERT INTO `profile` VALUES (1,NULL,NULL,NULL,NULL,NULL,NULL,NULL,NULL),(2,NULL,NULL,NULL,NULL,NULL,NULL,NULL,NULL),(3,NULL,NULL,NULL,NULL,NULL,NULL,NULL,NULL);
/*!40000 ALTER TABLE `profile` ENABLE KEYS */;
UNLOCK TABLES;

--
-- Table structure for table `programa`
--

DROP TABLE IF EXISTS `programa`;
/*!40101 SET @saved_cs_client     = @@character_set_client */;
/*!40101 SET character_set_client = utf8 */;
CREATE TABLE `programa` (
  `id` int(11) NOT NULL AUTO_INCREMENT,
  `nombre` varchar(200) DEFAULT NULL,
  `activo` tinyint(4) DEFAULT NULL,
  PRIMARY KEY (`id`)
) ENGINE=InnoDB AUTO_INCREMENT=6 DEFAULT CHARSET=utf8;
/*!40101 SET character_set_client = @saved_cs_client */;

--
-- Dumping data for table `programa`
--

LOCK TABLES `programa` WRITE;
/*!40000 ALTER TABLE `programa` DISABLE KEYS */;
INSERT INTO `programa` VALUES (1,'Subsidio',NULL),(2,'Río Negro Presente',NULL),(3,'Emprender',NULL),(4,'Micro Emprendimiento',NULL),(5,'Hábitat',NULL);
/*!40000 ALTER TABLE `programa` ENABLE KEYS */;
UNLOCK TABLES;

--
-- Table structure for table `programa_has_tipo_recurso`
--

DROP TABLE IF EXISTS `programa_has_tipo_recurso`;
/*!40101 SET @saved_cs_client     = @@character_set_client */;
/*!40101 SET character_set_client = utf8 */;
CREATE TABLE `programa_has_tipo_recurso` (
  `tipo_recursoid` int(11) NOT NULL,
  `programaid` int(11) NOT NULL,
  PRIMARY KEY (`tipo_recursoid`,`programaid`),
  KEY `fk_tipo_recurso_has_programa_programa1_idx` (`programaid`),
  KEY `fk_tipo_recurso_has_programa_tipo_recurso1_idx` (`tipo_recursoid`),
  CONSTRAINT `fk_tipo_recurso_has_programa_programa1` FOREIGN KEY (`programaid`) REFERENCES `programa` (`id`) ON DELETE NO ACTION ON UPDATE NO ACTION,
  CONSTRAINT `fk_tipo_recurso_has_programa_tipo_recurso1` FOREIGN KEY (`tipo_recursoid`) REFERENCES `tipo_recurso` (`id`) ON DELETE NO ACTION ON UPDATE NO ACTION
) ENGINE=InnoDB DEFAULT CHARSET=utf8;
/*!40101 SET character_set_client = @saved_cs_client */;

--
-- Dumping data for table `programa_has_tipo_recurso`
--

LOCK TABLES `programa_has_tipo_recurso` WRITE;
/*!40000 ALTER TABLE `programa_has_tipo_recurso` DISABLE KEYS */;
INSERT INTO `programa_has_tipo_recurso` VALUES (1,1),(2,1),(3,1),(1,2),(2,2),(3,2),(2,3),(2,4),(3,5);
/*!40000 ALTER TABLE `programa_has_tipo_recurso` ENABLE KEYS */;
UNLOCK TABLES;

--
-- Table structure for table `recurso`
--

DROP TABLE IF EXISTS `recurso`;
/*!40101 SET @saved_cs_client     = @@character_set_client */;
/*!40101 SET character_set_client = utf8 */;
CREATE TABLE `recurso` (
  `id` int(11) NOT NULL AUTO_INCREMENT,
  `fecha_inicial` date NOT NULL,
  `fecha_alta` date NOT NULL,
  `monto` double NOT NULL,
  `observacion` text COMMENT '\n',
  `proposito` text,
  `programaid` int(11) NOT NULL,
  `tipo_recursoid` int(11) NOT NULL,
  `personaid` int(11) NOT NULL COMMENT 'Este atributo hace referencia a una persona del sistema Registral',
  `fecha_baja` date DEFAULT NULL,
  `fecha_acreditacion` date DEFAULT NULL,
  `descripcion_baja` text,
  PRIMARY KEY (`id`),
  KEY `fk_recurso_programa1_idx` (`programaid`),
  KEY `fk_recurso_tipo_recurso1_idx` (`tipo_recursoid`),
  CONSTRAINT `fk_recurso_programa1` FOREIGN KEY (`programaid`) REFERENCES `programa` (`id`) ON DELETE NO ACTION ON UPDATE NO ACTION,
  CONSTRAINT `fk_recurso_tipo_recurso1` FOREIGN KEY (`tipo_recursoid`) REFERENCES `tipo_recurso` (`id`) ON DELETE NO ACTION ON UPDATE NO ACTION
) ENGINE=InnoDB DEFAULT CHARSET=utf8;
/*!40101 SET character_set_client = @saved_cs_client */;

--
-- Dumping data for table `recurso`
--

LOCK TABLES `recurso` WRITE;
/*!40000 ALTER TABLE `recurso` DISABLE KEYS */;
/*!40000 ALTER TABLE `recurso` ENABLE KEYS */;
UNLOCK TABLES;

--
-- Table structure for table `social_account`
--

DROP TABLE IF EXISTS `social_account`;
/*!40101 SET @saved_cs_client     = @@character_set_client */;
/*!40101 SET character_set_client = utf8 */;
CREATE TABLE `social_account` (
  `id` int(11) NOT NULL AUTO_INCREMENT,
  `user_id` int(11) DEFAULT NULL,
  `provider` varchar(255) COLLATE utf8_unicode_ci NOT NULL,
  `client_id` varchar(255) COLLATE utf8_unicode_ci NOT NULL,
  `data` text COLLATE utf8_unicode_ci,
  `code` varchar(32) COLLATE utf8_unicode_ci DEFAULT NULL,
  `created_at` int(11) DEFAULT NULL,
  `email` varchar(255) COLLATE utf8_unicode_ci DEFAULT NULL,
  `username` varchar(255) COLLATE utf8_unicode_ci DEFAULT NULL,
  PRIMARY KEY (`id`),
  UNIQUE KEY `account_unique` (`provider`,`client_id`),
  UNIQUE KEY `account_unique_code` (`code`),
  KEY `fk_user_account` (`user_id`),
  CONSTRAINT `fk_user_account` FOREIGN KEY (`user_id`) REFERENCES `user` (`id`) ON DELETE CASCADE
) ENGINE=InnoDB DEFAULT CHARSET=utf8 COLLATE=utf8_unicode_ci;
/*!40101 SET character_set_client = @saved_cs_client */;

--
-- Dumping data for table `social_account`
--

LOCK TABLES `social_account` WRITE;
/*!40000 ALTER TABLE `social_account` DISABLE KEYS */;
/*!40000 ALTER TABLE `social_account` ENABLE KEYS */;
UNLOCK TABLES;

--
-- Table structure for table `tipo_recurso`
--

DROP TABLE IF EXISTS `tipo_recurso`;
/*!40101 SET @saved_cs_client     = @@character_set_client */;
/*!40101 SET character_set_client = utf8 */;
CREATE TABLE `tipo_recurso` (
  `id` int(11) NOT NULL AUTO_INCREMENT,
  `nombre` varchar(200) DEFAULT NULL,
  PRIMARY KEY (`id`)
) ENGINE=InnoDB AUTO_INCREMENT=4 DEFAULT CHARSET=utf8;
/*!40101 SET character_set_client = @saved_cs_client */;

--
-- Dumping data for table `tipo_recurso`
--

LOCK TABLES `tipo_recurso` WRITE;
/*!40000 ALTER TABLE `tipo_recurso` DISABLE KEYS */;
INSERT INTO `tipo_recurso` VALUES (1,'Alimentación'),(2,'Empleo/Formación Laboral'),(3,'Mejora Habitacional');
/*!40000 ALTER TABLE `tipo_recurso` ENABLE KEYS */;
UNLOCK TABLES;

--
-- Table structure for table `token`
--

DROP TABLE IF EXISTS `token`;
/*!40101 SET @saved_cs_client     = @@character_set_client */;
/*!40101 SET character_set_client = utf8 */;
CREATE TABLE `token` (
  `user_id` int(11) NOT NULL,
  `code` varchar(32) COLLATE utf8_unicode_ci NOT NULL,
  `created_at` int(11) NOT NULL,
  `type` smallint(6) NOT NULL,
  UNIQUE KEY `token_unique` (`user_id`,`code`,`type`),
  CONSTRAINT `fk_user_token` FOREIGN KEY (`user_id`) REFERENCES `user` (`id`) ON DELETE CASCADE
) ENGINE=InnoDB DEFAULT CHARSET=utf8 COLLATE=utf8_unicode_ci;
/*!40101 SET character_set_client = @saved_cs_client */;

--
-- Dumping data for table `token`
--

LOCK TABLES `token` WRITE;
/*!40000 ALTER TABLE `token` DISABLE KEYS */;
/*!40000 ALTER TABLE `token` ENABLE KEYS */;
UNLOCK TABLES;

--
-- Table structure for table `user`
--

DROP TABLE IF EXISTS `user`;
/*!40101 SET @saved_cs_client     = @@character_set_client */;
/*!40101 SET character_set_client = utf8 */;
CREATE TABLE `user` (
  `id` int(11) NOT NULL AUTO_INCREMENT,
  `username` varchar(255) COLLATE utf8_unicode_ci NOT NULL,
  `email` varchar(255) COLLATE utf8_unicode_ci NOT NULL,
  `password_hash` varchar(60) COLLATE utf8_unicode_ci NOT NULL,
  `auth_key` varchar(32) COLLATE utf8_unicode_ci NOT NULL,
  `confirmed_at` int(11) DEFAULT NULL,
  `unconfirmed_email` varchar(255) COLLATE utf8_unicode_ci DEFAULT NULL,
  `blocked_at` int(11) DEFAULT NULL,
  `registration_ip` varchar(45) COLLATE utf8_unicode_ci DEFAULT NULL,
  `created_at` int(11) NOT NULL,
  `updated_at` int(11) NOT NULL,
  `flags` int(11) NOT NULL DEFAULT '0',
  `last_login_at` int(11) DEFAULT NULL,
  PRIMARY KEY (`id`),
  UNIQUE KEY `user_unique_username` (`username`),
  UNIQUE KEY `user_unique_email` (`email`)
) ENGINE=InnoDB AUTO_INCREMENT=4 DEFAULT CHARSET=utf8 COLLATE=utf8_unicode_ci;
/*!40101 SET character_set_client = @saved_cs_client */;

--
-- Dumping data for table `user`
--

LOCK TABLES `user` WRITE;
/*!40000 ALTER TABLE `user` DISABLE KEYS */;
INSERT INTO `user` VALUES (1,'carlos','carlos@correo.com','$2y$10$zVXGxMgfQYdPIT.ks3dV9OMgcKwApSHdw1JiynJ3rsCeNdTi.XF/G','L3Jyc8aPVvz6_JHDVbByM1xDzgIaoWBN',1554217821,NULL,NULL,'172.18.0.2',1554217821,1554217821,0,1556900981),(2,'admin','admin@correo.com','$2y$10$dRNsC7/dP/xwS8b5/7830eyU3Kk2C3KLLjevB0ce.isSbCdT9oQlG','maXx0ibz2Br9UEfP06TVcltr0uOiWl4B',1556894840,NULL,NULL,'172.18.0.2',1556894840,1556894840,0,1557238194),(3,'arean','arean@correo.com','$2y$10$eU3lbvgKNGyQCHB8FUEb9ehcOaweFzAD9ruY7UiXjZ//lrfHrgyBi','bQNUdHEBMcqZfQ2cxmvOBUm4WTSdq1Rc',1557159226,NULL,NULL,'172.18.0.2',1557159226,1557159226,0,NULL);
/*!40000 ALTER TABLE `user` ENABLE KEYS */;
UNLOCK TABLES;
/*!40103 SET TIME_ZONE=@OLD_TIME_ZONE */;

/*!40101 SET SQL_MODE=@OLD_SQL_MODE */;
/*!40014 SET FOREIGN_KEY_CHECKS=@OLD_FOREIGN_KEY_CHECKS */;
/*!40014 SET UNIQUE_CHECKS=@OLD_UNIQUE_CHECKS */;
/*!40101 SET CHARACTER_SET_CLIENT=@OLD_CHARACTER_SET_CLIENT */;
/*!40101 SET CHARACTER_SET_RESULTS=@OLD_CHARACTER_SET_RESULTS */;
/*!40101 SET COLLATION_CONNECTION=@OLD_COLLATION_CONNECTION */;
/*!40111 SET SQL_NOTES=@OLD_SQL_NOTES */;

-- Dump completed on 2019-05-07 13:13:32
