-- MariaDB dump 10.18  Distrib 10.4.17-MariaDB, for debian-linux-gnu (x86_64)
--
-- Host: localhost    Database: recursosocial
-- ------------------------------------------------------
-- Server version	10.4.17-MariaDB-1:10.4.17+maria~focal

/*!40101 SET @OLD_CHARACTER_SET_CLIENT=@@CHARACTER_SET_CLIENT */;
/*!40101 SET @OLD_CHARACTER_SET_RESULTS=@@CHARACTER_SET_RESULTS */;
/*!40101 SET @OLD_COLLATION_CONNECTION=@@COLLATION_CONNECTION */;
/*!40101 SET NAMES utf8mb4 */;
/*!40103 SET @OLD_TIME_ZONE=@@TIME_ZONE */;
/*!40103 SET TIME_ZONE='+00:00' */;
/*!40014 SET @OLD_UNIQUE_CHECKS=@@UNIQUE_CHECKS, UNIQUE_CHECKS=0 */;
/*!40014 SET @OLD_FOREIGN_KEY_CHECKS=@@FOREIGN_KEY_CHECKS, FOREIGN_KEY_CHECKS=0 */;
/*!40101 SET @OLD_SQL_MODE=@@SQL_MODE, SQL_MODE='NO_AUTO_VALUE_ON_ZERO' */;
/*!40111 SET @OLD_SQL_NOTES=@@SQL_NOTES, SQL_NOTES=0 */;

--
-- Table structure for table `audit_data`
--

DROP TABLE IF EXISTS `audit_data`;
/*!40101 SET @saved_cs_client     = @@character_set_client */;
/*!40101 SET character_set_client = utf8 */;
CREATE TABLE `audit_data` (
  `id` int(11) NOT NULL AUTO_INCREMENT,
  `entry_id` int(11) NOT NULL,
  `type` varchar(255) NOT NULL,
  `data` blob DEFAULT NULL,
  `created` datetime DEFAULT NULL,
  PRIMARY KEY (`id`),
  KEY `fk_audit_data_entry_id` (`entry_id`),
  CONSTRAINT `fk_audit_data_entry_id` FOREIGN KEY (`entry_id`) REFERENCES `audit_entry` (`id`)
) ENGINE=InnoDB AUTO_INCREMENT=16301 DEFAULT CHARSET=utf8;
/*!40101 SET character_set_client = @saved_cs_client */;

--
-- Dumping data for table `audit_data`
--

LOCK TABLES `audit_data` WRITE;
/*!40000 ALTER TABLE `audit_data` DISABLE KEYS */;
INSERT INTO `audit_data` VALUES (16245,8623,'audit/request','xWF+RU10MsQS^`{`;\ZBTԞty73{Ȓ4kaVkGDsaI*JT\'qG,Y{@WVqQ1qd$ꁣ]Z-`AgH/҈=.:4B{B-hYuD$)I\'d+]}Y)M1:ν0g6\'>}9<=`4:bGMc\\6(\'5[-E8+*vaF`DxzM={_b&Ȧ|묡fɶc5_((61O%[{试J#Gkq1IVk\\!k%~ŻUG0̲\0{7hv\'#E;GiR)KKjЉ&/ҽA9N,3K&ͫIc?/3c:<I\ns׀*SVKb+$o1D)K\nYVdIK0P9)u!I	=O}!w$\0 ܺ¶NMU\Zw`*,[_EF7&&wnŒRISQrz%\'Z5E7.&kX_˚#YFeEE#Rul\rkƢ7-=E|/`(I\rXJOT)z幦.ˏ!\'ʢ	\'RTo*7)3{HYeHO;9XLMK-QF\\Cb/4mX\'m.Qta7u#Xh{@tc2LO&j>eUaWA.pțzJ.nvR>	tKs\n|rHΙfYj{\".PW\rm\"}0~.ea)ѩ[WХ!\r\")Lp})zJ+K:it\nTSʆBL|	WAhˠP]0\\^~j%X[#w\'Ɓa;SG_r7G9z^Lh	!c֢ݕCߛ\ZB׌wO/\"|]M,}t0G{ޭ~\Z&-)[\\zT$ƦnLЫE|מ&7Y{As|&u?o/ڲ?yB\'JЭ!m8Sռ*Wd43KM70KSngrGHP&(yǽ\ZY~nm-){0\r+orH|wmzSyYΠs|ϫZ\rʅG=hhRWCx@eUeޅ\0w8#^slWqMM}cbm	$sb8F@:.{&KU5Cm8O?mD6p\Z#;t?ڟCڎ[vD*l_AUSum=sñ7x9POpq׭t]V:G}	E=fhl\ZN=DfV;{+<|p!l7:_x50q/$8DޜYZmG\'qq','2020-12-11 12:20:08'),(16246,8623,'audit/db','xW[oH~ϯ\"%3 VbSwLI/Y_*}$<4ImRxܿ\r\'a`.QRZ뷈YratfRM>>g:\r>\'x-xF\\e\\h݈as\rxP$i(糓,Ix\Z2o%4!p>N&.5]+ߜ2BiQ,40iZ~{{_I߈4r\\kt\"\\u6(Q*{ͮJ2RyARS~Ip%|2-yQ(	RU,*F´ߴ]lۢU(GTV[֛CUUzUAY2=@T K2QZSA\\%\\\\\\yqM@YpPދ8\nԟ<8st:l,+L)hhgCz/y]o4;TO\'h(?|ZP:M^ez{,喊oC!DvV(+\Z$։mVpG6Dyy6Ug6,IJwO=)_OLMRR(RbJL;N^YUZTQ(ѵ|gQQ^e</E8Dg[R[/DPQԡYuC:{lOa\"119au}/MÀI5.)A,qBڗkS\r7F<Ƹ>߈<܁/JĶ\0?CxLL{g3lVfG;\"?&ɬzalCGlxK,5b6qi=||]>&\\w{0>?1qO\"r5.zFk9G,Ӣ.I/	MǶBii3	&qfLl|RG__S6mF_͞tG6-}?3ײ)lC','2020-12-11 12:20:08'),(16247,8623,'audit/log','xW[O8~WX})HN4R\n-3/Z71m\\; Wh\r4S)k)>JڠKɦ\\V~>ԄXHj9ή/.IGgWK4fyf#db>4CC`Z0O8fI@鷜\"Ŏ&|ܚM\\ffʬ	N+7a+ цqτ`̲82yȑ6ʐ7jU)n`+[MMY&g6xߟiGLJMny$|\nNHhJ)6hm9i>lOdNGQ<\":KeυLG2CI3$,櫃N3)MA]ImF]cz\0Eds5l{uqbS.x`)ˏtńM*bI<S!QO[u+*^EQ|(/]9KXZA{Z\"dIqE(¢H/<ٱd]¤BâSS,l$hP-[BFɯuCĚiDդ]؅uw;=YXyǇhK.Fazw-8SfgT}q6ja67\0aR=X=DU\Zn\Z=6`U%&109aBIMzj]M/ʰx]&*K1q\ZH.Q+H6vdùde:h=~*</y۞XՕR6ʆEÍRGVEp33n[\ZyVC!dTQY?{ᒴdĀe.CIo3\"C (hY9r;.\reh(y\'*-xpcZ-6\nބe\r\r4KdWt䈷FWvu>BھEY>ɧS.P(a<@AgĂ@(:x\Z\Z8Z.j\\\"KYUYUpxy)Կ]XSP)\r[U\n)kR4\"6{R\Z1+D&Z	8\r;Y rxMEۣɲuTW&h|ןOۃ΋!q=[B\\#ux0<N|k-14p\\Cly?)C?\n~37LSM1mI7Ω','2020-12-11 12:20:08'),(16248,8623,'audit/profiling','xX[o8~ﯰxZIXi:*t	LɥvQ\'0%vzjQ>>9לZ,4Zc:-m^U,k[\rFb1BA3RZcW.LTrޡ M*M8K/S32u\Z(i+&\"w||=ehN(͕\ZR1O7fZq;\0\\E\"k4/8j^$LTH`Y΂fǌ\ZWWH%X\'ϒ1ABC1 (lZ		\"|~UVk*n1enM/.Fl@|\n\Z|BNNacoޟ?IX&y65^!Ere&Kr(V5<e>Dev*|{= |f\r8.t	cs,D8y0s$87.o^^پSM%iXމ@ZQg`qjg9>3$#QW[\\+D.Ay|~3mP+T*H<YLod\\RC[Bl*-)Y-,WWJGk+:Jcن)H:|ҧVu@S][.4ǽAt{mڝd,}4iUh\\$q,˴X2)rN_\06-M(VjGu\ZVÜw0X`0[ǦEW0˪CE3)PFt`Wnza]k0+Avt@Z \r6@g=ݻ\Z	j362FQih41.WS3]EvQ?ѧ񍏯G+ٟGa!\'m]\'6+Ac`e-$*	\'̼&ytAkU./LkoYf]Ƣ\rcPf:M9ou?3vL\0[','2020-12-11 12:20:08'),(16249,8624,'audit/request','xXmF+R\\\n3EڦwQS^=c;H]ѼC+Cbvvvvgf6A:/_r]7H/Osz#/P$n72qbQ3z$y\05l(!?LbQv(\"*]Z(%`a|rc|4eHW۰`eQm\nvMM&\n03CrŘ,bVS\\[4iV(SBEo iy(\nvSl&{B>{ _/ۨkwb`>\\U?2incQU홁<\\8hჿA\ZwKHkZ8 ץzc9LL!k~\\L\06q^ґ*|?IRl8s-e^d9i();\0ϯ4Qϳurg२uN,Y @Qe*(	K\nVXĪGJUQ&F+ ;RWPnߪ)qe4/=\'pü<F\0UBpFV )Tgٯ%ed#8K9wnUՐ<\r~Ckd( ie74*h}:xW\"u5`7\\T2\0Hp0R}k<BASm\re\n됆p5L=|44]tc梉\rnI\\d	knV^$n2\'\ZMfb0\06zEkV\0e9zBj9N\ZTLzZާ,t,4\n28U%E60SjdX@E9i^Soj/Keh3GN[8ܳ&t,r&̍?xԹZ0;D\'ݿjK\rŸpNLD!cFez3[\'p\\ECwlՙ9ܶ0Wfa5DM;F^ Yrôۑ(:i̎շBlFb|6pM]˜;Xun{>\\Y_mpzV4H.h@]<?<KZFqy\'guıb4)oH\'	2qyڠ?%+Kmj Zu/}^C.-޶IwEHcG2D|ZOt^A~*dϱ&g]6}g	݅ce#pQ>>>GWZe0gt \n={bGg8՛?ppd4[	\0@̙u	+A9ޯCnpP-IUv8Gug,oV(3#/~F,Z[=C>ZgO,oh?\ng뼇Tf.::wF_?\"WF$N\0(qL}7X6\0SUx-Kѓ*GIӓD]jga0qQoM\ntԔ5aF	d\0|k%<wO1S==\rbU>\n!a]ϳ+xz_Q','2020-12-11 12:20:16'),(16250,8624,'audit/db','xV]o:ﯰrZb;1u#г$p.	m~lSJVnթDp~<(?Q#Eya)#D-`x끣AS#QNyZ拙ɟKAbN$aiD9jGBDZ۶|Imͨ<q&bnH\\W,7͋2+FYn)\rCYUť±H2ֱӰYH2rNc>\n/x´Mj1+\nVBJS~/*%ťSѾUyԷiOqi*jaYY%Зi\rzx[8oYZ9i9MY*x6s~s<Hϲ<ai#]ӵ@38I}㋕BbhwMx!+YT^?K6@_5dn;}j_1ezɆ\'w[T*7Dt~|AgMV,]\r]`Jru,O<\\ED*L;L02|=麘RPZ֠DJBjGpShl^OERWvs.Yӄ9g%fn$fCI,JDj47ݪ\\B^܃rC0\"|@b(<rJ\n䙻\Zm%7deZ#B6k-\\	ꭄFW_!<Rfl!U#dM66Y\Z\rmI\0Zlg5BZ~`\\	F#_.fWKΓG̢yYB Ǳ|\"1$Db[Ai&Q|y>\\]eǫ[0zorS,?ϪB6s^{JcYkOܸ','2020-12-11 12:20:16'),(16251,8624,'audit/log','xWo:_aB+;8kYB^.4Iڲ.MKtnCq.v8)e>E2M\\6g{R̂	]MR]VJbf\\gRڊaxxjKr6^2m0<ϲ,L-9ӳb.o?%6_t:ǫ%\\l\"L/LiE<}˥^VR&A58vBY.̛\\7,\n2nΤ<nBrRXLuYnqg9T4	7yd\0@0وB92NVBWr)8]a#aj5-o22\r >*(؊c(ZBHҬe4Ix8<v?HR珄幖cSݻ蝎n*&FGE-oq $3&.%DGX?IO7䙉)>U\\raA9\Z;½g<L«W[=C7?#dMqT:2UH<ٱd@RSW-X6<,)BWAqv%]/U$?=#K<y}y:t8I1%TݙͿ\0gM\"-b?ВY9=Bt/{CtX7M.\"7U,cHcTi`a50Ywo:u	F,Sw\\=:Uig/3Q\"d3U\ZSkO|W0@/dh\'̫oquw\0=zk^Rulle㕢񋢽~_Y6άa1pr\Z@[@y;)ao\"A4X\rjcb׵[j.Qj\n\\hՙPgm[=~E~m%ƛWP}<+|G\n<{X7se	rR#<VR Ksq!!ӪF]\\Kd b&&ZDdveMU&^>9g','2020-12-11 12:20:16'),(16252,8624,'audit/profiling','xX[o8~ﯰxZqXi:*t	Lɥ̨}20%vzjQ:||),-Lbټ\n!ZEcUk7pʱgۜڔp	w湼Py%[(,1= RQ_$L.;I\"Ly%i^3ϲ<hL[4Z,=SKa8\nåb=-ka`akP\nGC\0k5onnE5UYs5H`Y<=j\\]^J̢0Q<%V	,1ui)j~$HAݫ.WG\0Z.X,(nݕ({$JmB=[uzH5ޟ\0?DX%E64Y!eeJrVj[vJ(BʞZV[E=נWQeX\'gր\"/2&X+,NLf\\e*U0.˛WyR{?MBGK?rܫYgJ`{Ə]ϗU;w7l=.Nh{=jOV!]FM\Zʵ-Oj]mgS]QZBb>enaBU\"O<\\cR\'8:|=麔m))-lRJbQ;\rCt:$Kg,W80O3x8VejLB=W;@u)8La)}T\'.m\rs&~aTBA\n!Qt^u}~L]4B֦2@Ey\"ׄ\\z.ku46Yq8NݽH,(Յ662FƸKТ21!\\$0ӵd<⽑񍌯KFsj[gu4th2Nڸmn3`Fpq\'ۚE9*	|q/2k+ږf\\]w^¯Yg\r!619Qg=)\\Z&','2020-12-11 12:20:16'),(16253,8625,'audit/request','xW[oF+RMkXy _۸5M83dC+!Μwnc9UPytN%yNo*v\ru@F?p^1\npFex聣M\r`@g$y+OE8oG\"B,r\ZEI\rSE8w)Ef4=^ޅ+j[TwwCo2n2QkdڒqmMc\\BYXI@Һ(\nvSl&;\np=χmxõ;p1h\'Lkj\Z??QVBAcߠxXjȵw-IMM&@,\0/`oMWt\nOǰs6z72I鈜}W(]fꦃ\nR:R\'P,HP(2PAN%K,bUh#y%HJ4RoCxpWmOڀ\'P)_By|jiҼZkRJ\0UR+|Iئ(ReNYRlØbBtAݷ8.ír\'`yh	e8M-QKxes\ZZ0gE0[W6Au/e@in5&o5K u\\lC):ai$6&wi3˂q`յh\"[fYBZkqʋ$M|d (\n(&¬hx@Y}T9zȇF5R=5D +5or\\̽~K\0|].r4a|J1	;ɇ|~,p@>e#MK1$Pg32\rD-.6	M:`;ʧ07@Fws5avFP	OfxM!EƸ\nrc6	O^jr~BX\'XcoVJsyvr%3kc`MeiZ3￸Ņ55h:2x)069@iw#HҘo9vk糁chZܱ@/sqâo;ӳzNۛ3. ؞MA)1c=7aX81^foG\nl3ұqbvcy:/\'%IdRqPzI>/`\ns͡.#>IOEH*baF2D5sOI/UScb}`<Ij_0!9sYo+Pѳ±r(c#N]UZe0g@L{Y=HJ>Ѵ4\'\n\01g!$cLgӮ?\Z[xΆqttIj7wƵȋ\'aϺ7C{7LT˗}VRL{\\]oHgX]^Op꼇eTY$:wF_?U#EJN}hqmږ7X6\0\ZSUx䉝<1t)	>aw\Zgwzo!hfr\\]Dp[*b^:#fv\r\0T>}ka\rĒv/n4<{z\ZHŪb,:-løL.X\'','2020-12-11 12:20:16'),(16254,8625,'audit/db','xX[o8~ﯰZb;	Fv2;]1DmK7vQRLH>s>	Vp,\nq)+[m05݂[O`NF	z?}D¨˴э8An,hN$iꆜ08cZXhn-,ls\"\"m7\"7oooͫ2YnP~.ScmYWյ8JROվ_TiPFY	\\r*c9	d\"Nn(\nMl8ŵr7{wN`]xe	k=-.o3V;WoL|>U+ҢET$hc!d./d.@R{y@\'.J/<y=]k;\nԟ<8st:,+镂\"h4v4ƽ@\".Q͏4T!P:Tu^ze&-OW/B\\B8wl[Xnl HF3:baJ$(Nf\n=(|P>$C$&]j9\Zl87No<E5<J!*d>B5S#\\B8r*A.E)Cyl(nAGZƑ.# m[0LMaԠcB	Ar!U]NJYbסlYr8BT{*x5&mq#\'yë}cdy#*,mzbA͔V6[*LZp9,t5	!mՕѷctף= |]@/>:@y׻{ŉ7E~X={KAIǶ.I/	G,\r0F~\\Fggn[qkklmzRG__6;1b޷lki3fB?ZaG$','2020-12-11 12:20:16'),(16255,8625,'audit/log','xW[O8~WX})H+\n-3/Z71%K.t}ޠ)J;:_rFأbk$B)>1Z(Fl\0EH\\\"l#Fk	%1уew\"Մf;d1&Nql7g=>Ĕ74t@Wϯ.z&|,\\\'l\n,Ix\Z2r^koc_D!u|,ָb\06{.&Ob^a&ŏh\ZVJFGZw7w(Z=%fu9DK |ȧ7\"NbTInb\n\"yYFnF>$(Jg	\nVJ[n2KRecNSAyW-xѡw7C`*{=!Erɣ4nEؔZH\"{eDu&%y3C\0`YV̗\r~c|ָs\04tzvYP4a]+O,Yl`ҡb)S[/`ٔ+_ZS\nRWCpl[8nn`]:_CP[rT3szOdVbr&rz\'׿R@8U>ND~\0}_uh\r3j6Z=DMZE`Ɵ!S|D!PF1y*.+\\fs3weq~2IXUd8v\\{2N@kt^\\ DWȕyPKe#lT*UFkE;ق&%T%0FBeZ+fnpDyB1-f3!Q`F\"Da!gPj:x2*mo@~\r2j3gCtCܴE`\'$,JvFA1(#qQN|-DkS=PBd`2c!1Xj͒BnȃױpUP^}v_;Dfr[=JGm&OD8?&kQ5\'0=ڿ.Lk{5\r66^F)oZ/ꌺƥ\\o66]6%','2020-12-11 12:20:16'),(16256,8625,'audit/profiling','xX[o8~ﯰxZ8+1-UV I6;$a3c-L	^ZJ\r}|.9/ZpQUfJ3vԢ!*yJ3ÙKycPҔ`=Z40HTTz3D:z4ITGi\"P_2y+S<HA$p\'@o݃ÃrDeEp2<\\*)3\'.Ƙ\Z>e4R8<BZ8Ю_ɬ~}}]iJ%a\'*Tߢ&遜Q^YPoVmv9MDyb=3.T>*֦SpKU/fG\0J&XSF7Eh/\nu|}BNNacޟ><[׫2	2W=K`NX2).`0NX[cpt;>\Z:d#Lq3S*SIQn\\<2}&.J,މfEZQ`qlg>7׵~gIx4@-P^;aquMEGJYU{F\"5On7L2PM~9j<Hv7Vi\nt<q#B\\pCJo|R>r$Ke$!$.|\0whw\\xU6Bӌf)_o\0Nb_v<ȔU8CO:}[5|QZ-}T%.k0t@J1C{~oM\nrUbϥ06qjTwx%za\\+0+QvAJ \r6@g=ݻ\Z	r364Ɔذ04\\\Z}I2؄˂)bGBHÜmv.߄!t(./>HytPq8p5%!9-l10q<q?sq9鯥Wr~ya<ˡΛ(sI0B{:b:O\rXnn','2020-12-11 12:20:16'),(16257,8626,'audit/request','xXoW,olcCLِ{{\07`cVdva$̜<8Ȕ4KffcEgKd旯)f#Q~4ؔEUA\"LO!6i7L{D(g|1⬵MC$T!ÄGkH	ZK-${4A[}YM6fGMnc=goHÂĖ*b0Z!\\ҙ0Mroq7tW1з@a:@y|>eirB&%Ǖ%Bd8	(Nl?&a>/h(Y\0%άK*	{1|r\"38?*%;@]rWsaǅ^	tf&tQ]I!$YJ+CQ@\\fduYExEHQnޖUPmc}#%EW*P,~/rS[tvT*rq|Nh<|ܻ8+8/nmJu)H\\V\nL	4ӅmZ*1{+|cg@vhd/;#X;{=t,ft<JViǰ?*C^=ga+MuBj6`C#5W:XҐ$JzD:`}UΒ.$*N:),;E}Ѫ[G\0+_\0igujG@=⯟*(ڠ	cXoMNpĉɦ(r_ա\rm(!\0A[Y-MnwrmJp_\"Z5%hC,L\"Sj55H˫(L\n$ΟN)zD\ZE>\'a2|wYl{Yw+)\"h\0ءcB(|LpOݙ_\Zg\'ظ\\R1-7\"q֣QC2Θ,Lp=i#u\Z=Q*eJ9\'\"$,Dx/V/.,ЮB^h\'g{eǔDqv~N1AՉE0b;)GoiQPm;P5\"eQUWD|g;XA>\"q~7ǣբV=oY=(e34y=VA[`@;A0r&}p>bvZL>	♠nw88adMs\0;g)nL\0خ{3tQ\rɏG|9=ǣuW$|ƙ}μEs[:]#KoP@\'xzt&oQyw,*WUG{{=dks>̝oExk+. 0\0\n0\r0uٺ^KdHB+Lw0xA<$JU5nnaMc\n^T:v{>N@ӹL[jK%ᒖD?vN ѫ3v>=~繮_U\0mN仭p*Pe=p\ngeP}%,|07\\<Ñ@u:g8B&)@̸u\rp)=t!N\"o/ઠYP_soTxZw\\z_v(H-EJBQ9\"=v}1Sػ+/*iR\rW͑sdvcA#&tñFFPY(uZzC_j(O_D\'CDb#lr;yɿrdRAz`\n0ְQZ#\')\'jO>NcGmlUggߎ=wR;\r[A*\0FJt@9֭e:oPe','2020-12-11 12:20:19'),(16258,8626,'audit/db','xZko:_ۉ\'#j=bS`Dmri˦c;вNmT*8_yPZX%	fIA-Y<.\ZXnUzߔa:ݾrv4st4ڕgAO\0@\\A2{9:eX<#ՆkA\0\05\ZȀ&ЄnjaafU<Uw4o߱Ѝ%sO:sDUObf\"LGPmH篲I(5Kg}T*OD0\\\nC$%Dڈߕ㣈g\Z4 D\r~oVS,FJ!Jêǵiwd5\'\n4^C\Z?7cvb:2q^x֏|xQlGJ;Iݲ|LpSʕ^Wq(?shJZiɋ.$W@dq$Gr#1(ҹ\'Kn\\}.ܲKCi4O]cϹU_Q4dZG2%\'	6U]p,9Yrm8გh;}PB$%:;P8Rf+vx칢M\'Nwx<t&Nh\\H}*	sKuV/K+Uh\Z$5P7ެ\"	D\'*YXЬ-]u9JYQ5B4O*ɺfe~-Wp		c/Ώ.\\!G0^뉟[Dx+	e#l+\Z=+Z\'U\"grz&$@2k0HU$dIȷ%FdִEBjxnUJb)b7\r8{/P櫏\'VeieAlI3/tY\\~X~(\\2$O.7\rdM+X2k.1Y>UQe-k81mG3\"QXȲ;Ӌ-zBi2Wx\'hlō!%ط;Fn,_%,jw	}hZ^Fްr#]uJ=[3,N.N[,}⛪aE,.*ʋ\",bYTQp\"+Ų((b@%kr|l\r/RbY,5t\0Fe+v(`7!BW4\\Itoyiߣ?cwg-]y5#vS>|&vqɋ\"2#\n5C_A\0DPjD߀.\0nl)ٲs*=>>','2020-12-11 12:20:19'),(16259,8626,'audit/log','xXO\";hxAonºu^(3:lgFe78ʰa	Xsz~紧b+E<MٌX*)&\r$HbfLdܯc\0	-&sKBSlii\ZvNtŘuF^\\[ S;:8;C/:9AA6q&m*qE,)sT\".u+?]!&7L4oooWY6ox\'9>&$GJf*fG\Z0ORc/gu3\r4GLɤ5/di(Iq׬-JGBkGZKkbHWmC|x>~@z;E#WIr&4i˟,⫅b~z]ohnivgk/oL ҿ0\'_rcL}ľR&/18U3=R }b{.$Sz\n<06l^5?_soa=-,)VӅ%,0IWn(~=VF>h6e)WڨMUP-\r{-,Kd*CG֌?1%:7io|HO$Osew4G<JԺ\'8rru._T [4A\\?TX=Dulv\ZZu#&hVexU\rӷزvq<LPw*-k3ް4%>@rts/Pׇܴ䈵zeKtJH\n)aBAV[&Np1_JclrTrB\ZD-/{2w&,{vdыꝉ-b>>DGUEqIdM(pOVYo\0e86DQ!e\'[;L3YYORY~MsYeN_t#/j\rvWwlS%w{P2p~[bhX7f喱m{HmksK%$mI4/pw<)i>qq}\\~E/oGnS>ߕ`ui22]K\n}I<BBzׅ6jnȶLw,U5ca2;UMIE%E}#{sΡ*rIU5/Ir6nx=WªVQ9y쎧S\0m*0棦.~O?!PMZk\ZIL4C4x8bw6&āczX/{\0(Z&m^,7~x5l*_s@S߮FT%Bqyu0o.M\\f','2020-12-11 12:20:19'),(16260,8626,'audit/profiling','xZkOJh(tv:YO\\#515s+%TBɤ@dFJLRx*\r5\0\02-p\r옦􊥕%\"81ēzCؐT#Jpyq1/qDpuf̈́y$iq\Zѐ*rq 	bp80<zKm]ׁSÆe\ZR<\rM귷,7,~|_Eu!бϳzx|GeEHi&hpŲ>Xϻf!U2IhvQӡH(zwq	SGm5sӶ|Z64.͆9|CU;>?=Վ:=IsCe]D5!icrvԭ6\0Pĭx]ͭg00[[-~m;k\"_YBy\re>؟a0a,aa&U^^=}GGqR0UΚg2#=jx;tO:Elds!\\v<f4{swIד֑lu>,dbO\r\'y:dAiNҕ]~ljj삦lWiCWbgjclEuuqgc50awICMNɒo5\'JlZt#EJ\0Y	lkNt١I<Θ%CG>	LaȲX{	=Kvw=KpM<+kU`\Z5+e@|\nu\0x\0 :Nuiٝ \0pdcY-k ς4u[z .SzÞGyΪChΘ\'XK!CZCIԛx	Ha%l\Z<\nZj&\r\"cr1<R?Xw`$Y$UԞ;hnn%w\\-_r)66 `!	KYalEc,)B?(@@y-xr_Ge,X2ߢǹz89cBL@JRVSޞz,6/Q9ݤRlhӀP*h_oō\0/%7;nσ:ˏ_7Lw	mv<f憖i[FXm>n8<N^8Y\"o9tw)b\r\'EP&2)Jр(WeRrRD\r&>9uV?hϮRzD%׀nCXξCz6XW8;6tt]\\?o\\T>g\r\r׼&\ry#v&B}*\nv}YXtREt	~\Zї_\0XH\r]C#-%[^-!f\0HO','2020-12-11 12:20:19'),(16261,8627,'audit/request','xX{oJ*RV~!p1mz+4pcl6w3j{v+=sΜl|\rh#oq\"3>@>\'nuCC.KF+ß8/n1\npFys`kE83̀a?DQ⣈	g,(Wi%\"ԑ$G)+Ez͘i\Z{YTۢ¼zsN\'Lcf5fw4͵%Aښ,\Zeaժ\0lM%5)F>NKDhXt.FGߏWwQskl젇p]֫i%.M-7D\\kO0ޔj\Z͗0fQ-3ڃ`\Z%XkWT>GIYBæ:8J$|X<\\/<vd;vET[T>,s~;_XxГyM]9i()uϯ5QϳuOǁ쉚.	 A@(^*(	K\nV=,bUҵ㑼EUT$t%RoBxpWMO,	OX%|+\nU4%NL{N]0/9Aem0>\"RPTRqk|IuHeu&\0>dPlg8QOH\"u@ĈMg.	@CIN1/#ՠJ#Au5(KT&ؑ&Pȑw<9{XI1c\ZfZ\"Lwfx%xY08M:4V@Zyd7n`\0IX{|+*mv|hDzN yX548Ɲ>x1EAP$Q<QR8Þ/K\"2)*NT 4O$;Wa\0\0GP*tPzuc8 <LBeOH%\0\0tд<yb\0iHּ\'!>Ф5\'k9<!ZX{(Tnjq*\\/YTRN3)qw|}7\nj*%Shh&IO$42e]w8:\nY2\0Y\ZO>W謗Cv*\\ځ\Z.Ew	\n#(߬F;!z]Z.Qvg\r0 s6[)\'{eقJdWn91\"fIǪ4.|˸]A:iwhOniQY\rTe}o6:?H2[܇/44W?OKYw;K\\UJW2T3ɗ˽!ɂf;<M1(L`jS$)~q\\GQG#=0׫am+Z\n!\"fU X[4>dkՉܧ\'JwCDH4%IpرjrQEZสܺ|u[rųi+sd4ڷg._MȽFIP=~ߚ3]f}{0;>gB3өV\"sFڱK xooŠl;xk*6evCXr>ŕ\ZVXpۥpkIw75 o/$/Pf?bX۵J|R75<ZX˜-%},4A1q1vq|6KI˒d#0ABCj1\0Z.R\r=tȦ͔L-yBf.|̜Z?\'.s06gDĐ9vPjl@cnݰ;(\0P|&[J4,NpBXݙI՛ S8ôi81g6!_My8^toN/vMv%%Ij4{LjgO\0UZ[]?\Zw2RVU14TgZ=x6`\0Su:iO]qW*#hπ_& e㩵\ZNl8U8ۺƕ\'rzlKQy8O\rI;܋%3%%xe~)[+m\ZUN)8]^N?j`_}$%QYVrZY/O3\\xE\rti	<=','2020-12-11 12:20:20'),(16262,8627,'audit/db','xZO8_KΣI]h9-_*1#.Io촥T-\n%=o&cıJ _fOϡP#qtTz_3{vNλ^:a\ZOG`| $ةL=o^ 8MD<+̐i\"]R-wp*W/*=߾}ߤ_KuX^HITOq%jw7w\Z}/3zC}5	ǩrÂk/zpө}$jM)P;%#q*GV\Z҄c5+Ƣ8[Ҭ,eVk٬`YxRGaaq4O`,D,±pyr^EqDi:_z>ʑhvntD\\̵nGɱ>ѵք͋ƻ=#|\\lŁ@.,tIN\n\"iOv^M.y\"4ju+f=KW}Gђ-u]ƤE-dɘ˘,cmbr%&}e/$6kNGq4IPM=W>zw˿˿\0k&0MǱpG?vOۯJz\"ƓKuVV*6I\r[5T0`Kׇ*AarCA>y+.6hB*\'3~-WpX0{KZ}h{q.Q4/RҼ\'^x3Hfl1\Z<2Zy(!⋔PCe1 1Ɣ%;ǔ^DFeDqD2Đ:Jbc9\"\r:/[?f\'s<#-+|YUFLd\r0+n؛Ux+\"ʣ0gel-TȀw&\ZߍȆQP3@q3Y\r$Ae-5̭\'p(?V^B{Z-naF-Cܦn/%ط;Ƭ2Nշ\n[rð%_F0sSl\\.ѽmࠬD6-ouo%V]#-2)I.bURܴRY2\'nN	6R-5ŗ~{~kK19+A.56FjDzlmF0s*; p3:N@>8}\'ެu+Ҏy@\Z90+6Q;&3+fD*߲SI#4~-&9F$VeӨ	\rƐ-ӑi0 ÀBf4͖1h1bnnWiZ;ʍ%yW>lq>An,YoEt;d@K','2020-12-11 12:20:20'),(16263,8627,'audit/log','xYo8_aB{j!v8RmO]+	B\\uvU;	v݇U+AM<8	h#dIܰq(&O Xq)\Zbh!@B0m,}擂EPxi*햭k%Cѧ:TΣX\"]5@gtvuqNW#tv9fNE)_v\'q:G闌eJ6QB%\\:@hXVaܾwx᡽Hà}\"/97&j<r\"j\'mĨu	V;Y+1cg`#e҆8I\")̊EQV.癩6Nltڪ©T?A!wE2E]܌\'4]	޼#\'dD|j?@M,Y؀Et|Z$SDѓ]3\"yT{~ SƏc:Bi\"--S	w\Znٲ\\=Cp4H=wy:A|xp\rD-\rX8K	:OliR<$\\\"C_VyIءF.0l[nVj]\Zu${C*ѿWNZ24lq&0F1:{:8KͲ\'?g$,]ŕrv]\\G)ۉ(~lVy,z$-lg\n<4a$\nQN09LnaD6ƦE]!6g8=$yw5ƆnO{4Ar]27ގHǇ_borJ%*6&R$4YiyT	5&\ZC:1:I~S({\"uf(({nBH	GO,te=vr?s_?#:\ZhZ\\geTִ,~[^J__)\\ʳ0n<È\"m/Da=3Km!z9C?Ӫ-L0B\0AHnMS7pm+iXUp;mwv9rnk6y+o%UK\r*K\"ٸ}B$4vM	|<9!Zz2.RZOXRO>;QZ\nTl\r=㵚ZhdӘg(*q0GE#~zVgn3--Q?&th>e+4SIguNf]]A]~9zjCGz)9}׺2@e`%\"V56n$ʻ.9Fͺ[3ņVLِ̈́1_NC+`$Qes_zSreeP]d[|;wK^l@۩/@FK`s]$(l	#6C/cbr<:K[h`m/*dz-FJ8{Y({kS:K3`{|poe','2020-12-11 12:20:20'),(16264,8627,'audit/profiling','xZmoH_aڻkqMS\n@_M_R$UͮyK0V)`/33];nHlfDTlLL,۰KR͵Qcf&&B:r`87\")=8K;z6PR/\nm-$_}6Jz,F8I4k0t1k+DA`rۥat1<W1C#U#nA!u4tl*-\0H=&6WiWEFqu(\\ݻ	 8cKI<6UB!<58TvnDunE(vi;IzPөɝzg$Y4j\Zb\Zbm\Z\"5s:DUCvvuq/>:e6PEƓ*Am,:M2 iQET}E䷷ITd2lV,ky=h\\Ti_nZ\"	J7/\r?P(}?QHgSz$Zţ筼Q_d6X>dw[JCo䤎hu<~r>p֒lޯdHMu$;Y:CAҔ+C}?h^6k.h6tqQfq0-4\"l.[9HIȔ1i1Y䯉\r&\'*$1^IayӼjniѡh6\'\"{M~@jI;8i\\\\5;aY&Icc9`1Ƨve:c\r [_1M,T亘C0uNfN\"WI릴^1cĹϽDGߋK1bwY~JWqx2:֓zJX/[Z3\nu<0wƶ1eILHD/_H7,\"G$C$~dY٪1]hY~JdP/;n\0aݲaR4Pخ8Ȍ]X+VBF3_ݨl95\r#`+gzRJ/*W̭g?*Bfxl71nboVpsݲ^LoGvBiŗN[rð̂KnkNns#ro)^vފaPV02Eb7ɒy붑UۖO|JIȳER,JV&EN,r~sN0g\n[էnsivKأ賈6<wP\'6TAĠhc>0r|]\ZA&ɊwtםƑ8vQ{y訵P(_>Giz,0ߋb	Iiɉ39.X;\nlUdC#Փ_ŮّokwiPFXcȒZ\rX-sdonýܚ9vw/P|w|.8Ў Ch_OItD;d\0\0(','2020-12-11 12:20:20'),(16265,8628,'audit/request','xXmsF+f2B0B/cIMGsI\0d߻w$۪ڙ~v}HkzcA\Z.ycTr3	q\"w.b⌞D\"I^4MiL(l༵I!,D.V8.J\nH$_qJg	BG-_1Fn{FHjKj3oodd6=f8Os%[ijoɢƷ4qeQu(l\r8-K(vD\'\nPsBt?]N38ӚƫOOU{\" V1Y|(^ڗJqQ*/QdB^+3\rځb-TԢ1$q%-Ek(H(r6zPD-Kmߗ6/YT\"ȳ嵂|)M\ZKj򒗥jR\\v|)Qȫ#Mځ\n\0ި7<7MOD\'PɮPJbm,,*nv$8OjAg6*OQ{*%pFV2.TW#QmUS.]el8eR&\r>Li74\n=e\050ȷt ԰r\ru~	4HPX	#MEcg\\>do>\"ېmSc(&\"ֻ&#ti&0+`Qf(3OQmqE&o4vp=D!vI_(E,4*ʩ!\"\n_,û]zYDIvUNġp\\p,\Z$BU,m?U*m\0ۏ9i	^Qoj+Keh{Vi8#ŲrbPw˫r:_fgZQc\\݈@U&	?Ѯ弳Bi\'AXcoVAǨsyv\rJufzJ 8P;ӴfMԴ{/{cc:0iCkaSϱǗ8ӶoGw\\wvD=4\rg-FS2[瞷?}yo8=G.\0?l{ҹDc{6ĤuZq,c.f7	ڹ<mЗrIeIRp B?Wq&w4BthăIu1\\HIĖysI.Uz:ez/Aydϱ&g]Ю+L6ǶIޣ{xxUuU/\\ e0by.Vtw#	ztg8LFӺ\'\nC\01gV8Lgu?\Z[x^t>dɲj.9wG/dc`x{g9}ô8e*G3\'7{Ob:y;U#W8;mըpy\nF;\0$x&֢?\r03$Uyom艕F=1q40)lF+ٴS/as(d~F\'B2g{\":˝d\0Mj\\0/sIgOW}X,x> b]ϳͫ!(rYμ9!W?>	K','2020-12-11 12:20:20'),(16266,8628,'audit/db','xZ[OH~WT@+QH[VhH6vXҊg$8%FA9߹;c<vKJB%nJR-5Oѧ#_?:95ѧFuJ1|P hgAz\rU|gS!\\KdzyW%ѲRڋ7774엯Uⲯq0 nÁI;WWz9\"[S1Z^\Z\"=.ȯG0{I۔U%j\\\rbaʬnuK{\r_:S*xs鈹ДeD4<7G\ZNo%iQډPm0zsN5c :ġ$Kzi;H^Ž?뇵U_hD=z͜c|R?@yQ1^1caմ#fl0cl\'!i2u4SK_j^ȇlӘM3X{PѶ0={≱S,cJsYE*\nV(BJG $$}\n]`bsl/cb\0R;Ô΍\\nJ0&e8#O`*f3`oiRw|XYA0<|gW߂(ĽnY&\\3[dŧS)x$<\n90vNˉ*\'@cAUQYy),`L@%%\nUXOXR,iTBqe磒֬6Z֪OэTu2\ZJzzw\0$*^TMI6LyX0@[[hHC:0t|Nۄn#teӶU\'.#%]6˼BмXa+05b0x׋xce\rOR\n)=@N<>^^5FX;~4S/()T&sWT&_eC\0J~P|L/EBW\nwEFvl❟\"OjPp:*L\'?~t$En\nn\011L!ڧ)X;|7W18aQH)=>Ö8㶐[s|Z\\:/~eE|1?q\\oT?qKGGǇ-DDpr_in|m7Y9/4BBcjuת>)Vuw!6jC2ơU8:!\nDJ_ق̱96o۔7wdmyk2	?sN;?F9&b+7k','2020-12-11 12:20:20'),(16267,8628,'audit/log','xYO8_a\Zq8@\'hWmYtR6MLɑlw~㤏&ǡ-xfl,8\"5,)rFZ>9f7PXQ\"Z>*|k3>pNyx\'IHǚ늢H1)!,[lqxtˠ0b4%tbO+v//:}׽@4ѸJg2<\r}\nο\"C3Lڵ\Zd@ފ\"p¨$rSɡT%nr乁3i`\'\0ץ0^=+Х-\'V,^FΜq2V^xi*;%t]L	 o89Fq8C۵3i8b\"<-\0[TD$Jzyfm:ov\'H{PR?x2\"-QbM<Q=]X7#ߒfbFւ<^fEvlխ-2gHrLYbm%N10/{-WU,mQGf笂ɜb?c/	ː-dbrcIէVU9g/&cbgnʷ0+#{⵹ҟn(=?cSˋZ-t	чbAǮ3>&Aj\Z*{2 j)]T.VL4۪Nc2j4A͔Ǒ]oQ	,T$}-K\n&PLPaWU/^Z/\n;lI۔*Uܔ*&ܔQHnNvg]phoi\"yUA5{\'_7	3NFHnlގg><l^VAҸ{:9@/x{k\0]8c	\'\nc{>w\r}\"J	]Z]M{w,srKViiغ߮eNϗ!mrzEK(BP\nfJP]-%Ԙ<z_јbӁ1#D3dlNއ׺)hHeݻ!.n貨%\0:6\Z\r`x$)<h*BĻt4Oã\r;̂+$h(<L4aklZ=t2ݎdZSt޾hQ\rc+f1(%Q5m[1JBI:1W8IiFD`p\Z4Z@,%[[Y܊L\"tROp=}kSf0,&ϚA}:K$\'3Y~/*?w(g?4gAIgo\rIp4>OĆSB?f#ceo%۵t4((lz(i߸{+	)#b<k6?OLŌewKYއi*73s','2020-12-11 12:20:20'),(16268,8628,'audit/profiling','xZmO8ί8ANRq[Nl{j˭NԆ@nMRXvC۔¾TE\";ÜÝJ(8A1a:SɂPV꾃 2m,a2N꘦L+uס\Z8޸zBPҺQ]7ȋHzYG\nOC*NDz$i\r\"/Aapʜ]t`\'y-	1Wmr$c*\0Ћ`i:ڍnookWY8ȏ/?fI0\nk RؗôvJ0ov(Қz$E~+ʅ9oie֘7n*ˍlK/Nk uJd4}n٫Bo%\ZbOAS۩t޵>guzAoۭh2)\0\Zn;ΧcrNA̵DR=/=#`4m8mu|FUX,q(+TGa02\'~B-=_At\'ޕqL-?S=RtAgY룼>RjQ<7s%:[Iϝ]O:y`z]հܒ9MtRPu~xh7:@>hvуSWbBGgV\\҄eXkCXEM~(\\r+B $V$(AmC_CLM1Kc	눩qNL.b ҝܭVL=\r\0s/eêժW;To%*=*2몕WQzW\\%XOT\r4FgDQސ\ry.)\"Slbg0\r	/\Zp&,7acr٭Q	ɕ,).F%0IhwIۚ%hgģLr\ZzDievz/n&.A;:=~D5{hZ%V4Ma:	\'v(+\Zή	/lr}`z\n&O5ԧj^ϲ;	 \'WoE_3%,aY~@ɯWrO\"!6ǛP܄EFu3P19E:j5;)&18%}|M obH=+9Eo0s3}4)3ޘ%p(pxeѤ4n\'sv;>fX\\lX/#43_~aR7&_pj7?ftӓ\']D	7Ny~KK;Ͳ+eN86`_Ǉƣ袁?Ji\0W60d1R+~;ⵘũblUxUrʼ厂;$3AàΏgK&6nL\n.6','2020-12-11 12:20:20'),(16269,8629,'audit/request','xXoJ+R1/cc\"kE0vhqvBmn0۪}؉mjJI`f9!Hd[*BK*j+/P$Pxj+;8<8$y2d!?Lby(y\'J|r.8.p|\rqrg	%3\r݁9(=}hi\Zػ	NǼvnm&\n13}7YŜ𝮨EahjUI\\lu@!/=|%8IV[>ܦFm0Bw ;;<FC3h[PCpU>b/wx*\'p5=H5:~񺄩_ôZgTQ6+8.Ԣ|o0Kl%kE!O\'_R*WK*ɶ.(ZT>,_ba@Dוz\'u{aϗGq<[\reIT@\\	^	]]i%\'!zWO=}~Wz~+>4~/W!<*LDO%Bu*屶Z:X㥜nb>)`7=Tr^GIØڈ$KQ* O$V8Yq$8lØ\0!\nv:e8.l9Qb$+PJ+pپGX\n܃\"6LbGP 7e6iJT\"\'`RP\"1C\Zfj\"ff3KPWTYTy:u|4mqE6o4vEa\0YfRt,CV`jQzB%R9r%ѫsGUꒁґ.1PSK\'.\\	pZ\Z@\"wτsU\"pg͆#*\Zg;GږC|t]\nnF3H\r`lqIhbskT\\<*n̏6dcLZCb64n+)@kWI@l8o@gGp{Ybgc}7[UM^}ge3\']aZz;1c0}wi?OGB`98>A0{-~oǹ6Fm莻p4g,%|U-g^WIBxpM_\'tkԘMq1w\n?\Z3\ZɟNlxT_.1mMlƨ|eݘŤlĜn ̶֦16lԤ:B󉭍ל-}i pǣGOwز?hssqWsvNQ<Ge[U%b:_lDJFb55%O+z3yznO\\?Y\\O0À8JU%fwaNfPm4\05v@&8v(#(~˜i$4+vklF ?#zCrfcЫ+җۣؖB4)vPJe¡iw16HB>|ŝn&uq  \0#:nP&4#{^&l\'ݤUdu7M,`VnW}a-i\r;;t\'c|>Bp{F5T8@z4nPypѳ`+6~kK;5B<1O}c\Zxji\08}^`XO5OJ([OFFO\ZtN3/u<7&Ot8ltrZȷ\Zz\rl_Oi\'Ĩ%oP<#xO\\;g͚\"rUuSC BM.vY̢k]BJ\\bOz?4lPw01\'_9','2020-12-11 12:20:26'),(16270,8629,'audit/db','xZms8_MzeLn&M47)~a$%MZL44S̄(V}jWu-uS	e724\\sXb\ZCSm0\\wR*\r|%{U4C7H&c56<3d!j*iSiuf:k?ѲJM?faP\'uO~A9R˩\'~	?Jez\r3?T4E^;ʕ9a঩j:5啛r\'dl|SqJw)Xek	I6I5%`Ny3pTQ%e\ra#D^DFC3*{z:NBWO2tggHjʤ>#EE5^Ǿ,1ofn0yTrYh)O<i^1dā@\r,C:di%+K\"\Zo\rVvW\'ͷdİBwUyvuAxoØFc[lA,Bcᎅ랅b;I(ĸBJHhQ(|78&6Bjq*LSCJֆtM/eF/kH9Hy~և7*{<6Wz%=տrPi2V	eL1YWEb`Pɩ<GPU1MhXM`]YZ3$X,Cbr6έJqC6vp.{;Y\\Oc厕/uKm=,	:_&HK̀gNk$(<CMN}_Dieva\"Lz㟓faB?8\ZШb0\ZowЬD&GªA.o\"\rlrwj{OxM\\fcƖ7S~^ﳂbYvd%|AYO)ie\\Qoh]9H	.5&whL/dRiqkHF[XdG_6rйz&jnZpfHˤ7~#A/v|Ԅo/2,@&**Na\nR5BLݡ\Z->ʃRqz?MO&Sh)(-(|$7ČXb0`͜[ w1E@M%%s50\\%g8Sتpbe&f~uo/E8߹F^}ΗfxD_n\rQ\r1Lř	uC(8C+K09/gDlwiז\0Kwsd8\r?3Yw43uJK8Q6_gBX','2020-12-11 12:20:26'),(16271,8629,'audit/log','xXO8~篰R8A;]-+h9Zn_*ibJ`o%meQa\"53͌IlcLVxSZ6Ä=zL1:AċB\'H[kyGYmy>Ex(Ֆ0UCQBeb˴6StTUjP$.\'>]y>]8o2Ɲ Co)\ncIDFck58Rh><<4ooЍD巉Ҡ	\nɁ4D.w7wr;{!uje_\0NrݐBX8c.}9cކ-;p\'la5j9bꪩI4IMz/#Da3;\nf7Dqr(8\ZőȝIh|ϗW/ݔ\0=ԏj\"7떬YxI\0wA6)5<t;J7/dבl(vnx`/g;b#|vvT^\ZR^7c7pϱۏ].wnzG]y\'KeGI*sOJ̧7lPd~ܹTu\\l鳛YBbgsla.3yemO6(ί?Bf(BWDPƱvoR$:&\nt3A۩%#elKF^U\0ꄻ7\rsP3pm9%L1Ly2%w[lT`ՃQ\nVZ*BmVEEai,D(O\0vE&|ޝ_8<uGp{Uv3fon@>Ox}}Ti`40L(0q`X\'\nQ09#Q6\'2AMYĭ\"֘ra=c,oqD~4\nP6ʆahh_=P%ҙ<ЙbYHL$YyU[\rg\Zb	ʯ7s-){8l.]ȳW$d DD$~HJ(_$oHe{4;-e>\\XT:qzUOǶre>u\n\nk\n_ #L	֬\0\0%\'P\0Φ׶e\0KKTYI֪n${]C\"H^]Uwh\"sǇJCX -M<l\0Lk\Zt\Z{٬ޙ߮+R*obif@Y+-ڶ8FI\\>IS.8ܔ˕druY@-|[#\"]dYdۢX!aڹͭ90.TtKmyz+','2020-12-11 12:20:26'),(16272,8629,'audit/profiling','xZmOHί%pd_\'QHUN4p%Rb|mj;iYoB)\" ̳̾ά::CH&&6%1=B}UE)62-b\"n1[LSZzur~\'&nED;͋HxYG/&NDx${i_\rŤCC*H_v;1ȓc)(,aU08 V\n)\0KX:;7}vڝ8sð0I-}1Hk\\f Rir05H	sto঩>k;7G0N/N6:^ #nZ+^zV6=F65zo{L;n]|l筏Z__e\\\04w/CHI7MfܓJhNYhRdM2]|q8hV!:YQ֓/ta4ט+~/s/bywaNaAt\'+ލLƟvoilg1>\'µV3c7,1s3w_kxY{am)=yd|=9ieɂ&%$Sr|8ou%nMں;cæ{ٕ3}k4Ƞfqb,[nYXY7~\")PQhj?$k6Ӷ\rԴ)W/&+C2dlQbΔr-Oݡd=hݪǳ`c	߃H+UKv$J0%.ba:28-JET*c\Z\'a5ׁu5gů\Za2ķ6ynnSܲ8dh26eu[VnY:\\.$-	v/T%f@fqNlxJ{>cp+?oo\"\04\"~/n&Ea x 2QȾVb\Z4|j;X!L00/w%x{7ΥlZMrwl{|ƌ-n6z9|di.rPՉͅuTRK2\\jr_hL/d\\iXZ	dPlɸ%kѢ4#3_7Ic:,d_&\"	rEx;$l?o3OW2,˨tPbIIDԅC{7:]p}YDrW\n*/h.ʤҡ1=9䆘sCc\rssD-xUPd\0:eo]pj?~gb[.⧉_uN]5$ؠ֣k<a39trΖFG$*br,ܶMP7oeB+K	7l36#|]\'ĘK#K._^u7GfSyt_,:e3d+Eh+GxނqN4c ','2020-12-11 12:20:26'),(16273,8630,'audit/request','xXmoH+R;6FV\0siӻ^]*f6K[Ýt3<34^־暢5q!Ӿ>\Zi@.77z&p\\%O;#B=@:ɋ	3@Q㼕\'A68oo\0mqB+h$_rc|G΢#]1zn{F+J[0ooGdd6=f8Oc%[̪JkKʵUqeQh\r8-(`vD`\'\nP2vt͵hg`>ZVO4^5ayq`}HkZ80WZc%JL!j~&U;0L\06q^ґZU5nI\\d	\rKWklс嚫0\n>*0fV\Z t$,\\Yy/`IE]aCUZrCB_\nˮ/>\n9[b*j\'P@\Z7.r{#ɔ PYWP.y7{0k*%Njݪඃʝo>9BؽHEj,\nYb(f8Dd2HV8eU%NN\Z<}2P$+3Hk4\0T\0K \ZżxW*|6(W6B\"ǒ,p4r5K\0uV1쀚\n%F\'5L=<TTM4cAfkqʋ$M(vp=D!0ɤPVZ_s0(AYV[D*HPaZ$t=/qq=-DIvUfu*<t,<Q,m?UBm\0ۏ:i\'4hUoj/PqFJf\":TW9_5M(db@\n}=C.%\'8Dd?$|\nTtȔDk?!c-4ܭQsyvrgМzJ 8P?t0gY԰t>ijЍ0Ka۷ $s`:$E~u泡ͅ5uMczy39Fn17R\'  yqv\'K.I9gUD\\v6ZmqL}fO\nb33<X;R,I\n$[J=ÄJyZ)A\\KZl<8$]zJ+65WK2?\'.Ћ5ǜ؞yYA3}ۘON/.%{2JRU^PGÜсby@s`ݝHW/M5q 0sfA@<p,klB{t>tIj7r>_*\0da{{g:0K1XdhneEJQKV}O[\Z5B @Hdj51!$(	\0*Q=\'[([Oטr\" Sp>Sw2kOQ(M=m:e\"z;\0*[_}	\'7Pz<{J/{ŲH/d]ϳͫhY~s\"(^7!\'','2020-12-11 12:20:26'),(16274,8630,'audit/db','xZkO8ί#T@g>T\r,M&):6ZH?N?b۴Kc\\ťcJBp%e\'K׏ǵ&Ҩ0VQTl&{tyPEw%6XJ1;gFvɹ]*_;Q|\n0*2_t[ϧ쇮\Z6w.twiJܪn\r~⅁Rփ̘]8eF|vb]UC}8J{Qdۥϳ-|pZ̰NF%K4proV5?N?$r r<y3n\\t,|Gݍw\'3&kkE.C9GZ:8EQύ]W;1CtMݰ̓<<IC9%[Q-k0SF:tl\nZ=86^[^^ynF862In\ZBk(UQ8^\\ 4%:	G!cA>ʖ繽]`bceF9i,̖Rabvt!sGw+!L5fz\\;2Xi_ӥT)aӨhpNl4)>EȜKAF]\'qc++,.I,_9j6#\Z)2JެKM.f|I-aM3ۛUX}r!9nIq>,kjk@(&).(h(zW׹#IWE#$m&HOeUݮo!։\0!\0Ã)xmB0e˦Wݪ≯hy-&\\^6kyx>(t\Z2P;׋t5,Χ\0;hzyOpXG:L[ЙLEp wwq}a(rKU$\"}#TR6OZk櫽Cdt+Ggrҵn|Dў\\$7jcJb!:\'&X^`(T>j&:x4凕c<3b`135\\xaQJVмDq\\oT?}$=tPmxdB06Wcs2oPڜ/22D8[VVѠYm;ҫ.$ؒ\\1aHN[1SL\"MOzMo\\[ ^@)3}ﯩ~\'h&	${;lΣ#:ių3)r','2020-12-11 12:20:26'),(16275,8630,'audit/log','xYO8_a6v81۞]eW\'UjĔyyvW7vHir=ݢ`<~3a=a\"IL$#ΰξ{L\rV\0(Iy\nv1&|	js݋hAXt+BI\Zi؆vs3?K=Hzst;~MDē*e4\n}D</U6T/m7$2MV|Q@иqq~Nn7\\q^4@ 94~ҸqVnN\n)\0WY褀\\RR\\9>O9&ʖl}D`o.jՎhښmH4IM\nt=p	r0JygQ$\Z\'qNi\\緀VǁmPEmP2-BQ>ow|n\'i̽0K|\n~&cq%b:|uT*.\'ε<^둠\0Nl׍/g2kHrz]Ǟz^sbkg2gLվ$,C:dKt&	~1rA)ϞF1]WB0l[Xޕhڋ򟅛ƛJMUM6/!zW\"(ws\'e&nAD\rjk8GT@Ԭ.<stI&N[I̧Eթp7o*\ZI4ZrT*@@0P:Ŵnz\ZVNJ\rp55WU/[/\nGlI^v*-b7y(Xq2[;h6SڛQA^UPM`\'cx&8u֝XpUMѧe{Teop7qu\0U\rPku\ZLhhD;c	#\Z#?׊ѧ̹nPLzwM]T3D4=\r	{YASN/!mȉW-!FRH	FkAvytKɣ)vDo6I$7YBWi;{ZofƲ#}wx˂^/i\0{υՌY\nFW$%H;}P8}CKNWiT=oaX}\"?7u(=zzظd}?Wv	:kNy3DD{Q`M3V\rꯘ_ƌmb]]`UصG$	J#i6y	CÖ́\\|DucI0XiZGkE]V+U6EᵰB	]DnƠqnrm%OD]T,|I,q-HN\"w~	?ܑD;.?G}=D7hr5\nbͦ٤\"8}аfe	Y\r!T)4tVI׻w%!e7,ffjvN~ڄe=`{xt?','2020-12-11 12:20:26'),(16276,8630,'audit/profiling','xZkOHί g㈕(-+JcmlSہҊwlH,%FA\"yݹgνsfǦv%PAT꾍\'qTOlӮ~*uFUddrDdX\"H-,3IsTMݷ)<qĮ.U[ÍP$_E{rGqa;{<Z>N]w;lG`O0q̑!«XH0AOбF\0<=ib3fWjWN\\]vB/k(E;JT\\\"O\r	<W//.+9fC?T<c2lf3B[\nV+Iʴ3oDC+Vn{w7Y/Զ+[v$R^={Q%_zQ\nb	P-`O]|h}2ޝ㓏͎h\\@	=2RyP	\\^I8)$\r\'_	?\\E8)yfp2	w\ZǍ?QCƎ};(L*tOӡ_]辑-Eqh{yd1bwQgus?HoA97Zl[g{:؃[qϭ9]:FS3qy8gPۺaҹ\'33+IC9%ӇFQ>֞N>[lA+iqdmzS3{A空%\ZfZɤ&eZ:\n:\nQpvCAh	Ftb\\BJxSTF%匯`2Ć.HS*]IHEsN(}Ͳ\na\n8S9*O}lZ$vkU,\Z[\'KŢ9\\\\!9l`~Ds(ˑ\\˛y)<Sldī\Z̲Z:,MX.[^29\'-	*%0Qhwf5->AR5ɕt4<\n\0M~ҋ(wcl4:VvB9^5AvM,^EU\n7IAbl`aW}U.̸ly%//?qy|\r\r[RV]jOD|\Zc~x<\'uo2cPobh_%\\LNgtx8;b{E&YG:m$]iU2\"HfwC%Hr<#s\nWI1hOK.\0k1#1XVfO&%X^<a8\ZU>J5C{p<CX2f~!XH|/$!x͋WF\\DO}M9έamgt`6:ǣAr#ds4oܜY,`Dɚ22&g:KpnѠ\ZogWU=TEZH\nMǀ{\0	{X0$2o,NK2ѓ4=!E4UrnX	3=@ſf	&5^砚no4V','2020-12-11 12:20:26'),(16277,8631,'audit/request','xuTr8-vl\'.¦6^J%PeVNfR+	[ݧN7	tt0C\00g5Q\ZW(LX$&%|kODCcLqOs\',6Tp7I,*ߚ=mq=\\&dn}J%\r?kCA[r}E0HS4/d%GܬΔ%kz/.TD_	Qkm;O6dFLC\"aD([KBzv-MRFI&MzfT=>J8Yk1^gܞkt}Ĕ64BclP;_7mΫصPBNu+FE#V9\0ipcϊbZN<BQX\rCGA409?zGI=g[~pGB\nZV\rS\"%_dh#Ste3K_lwiuit6q\0?`[\';mx:=Pq*M$-W/sq=JOԳǜKS5Ԛ,2v**#\'W/D2iZ(C$d2ܰz\'*O8\n% PndPg|l/3ܽ1}ɞ|e\Z\\U% al}p[W|Pr|()+*J\Zm2KS+8},5*U\Zj6p\0a]j}X·Ao>_䆚v\r7\\D.\'^B.]}炤fqBmۏޚ','2020-12-11 15:20:37'),(16278,8631,'audit/db','x][o~ [>]p\0#uXWb7[R2b˲e8v]$?V}ua1oֿ&-:I[Tֿ-_*y;iq:ǋ˛Cv?N1(g}h0ȇV7$kQE&pPk%uwߒ_V\Z\r*F(FdFR&(\"j_Oo_eh8px7b\\E3?Wϣ GΤ~~ߙ1Nnq^>[~Å{~yvuYqTOїGk>&tyry%^F\"\\H9}.dIqTJSZ:W~`.p#Ͷ#iI9HtTsђRISiJti_f/oB{ݍG8;\'Π~w\"\\|ldG1|?Ӌ07FiFeW7._eGх_bVƩ02F`>_8竹891Z 㔄j<`b=MАpEzE$Me\"xPϙbUk$\"*2i73\Zn1&F<c:9yx`0<kbxsv{188x֙݊U>k_g?\Z>v־9=wý\rC̟`Brk2D. ʬ0ei69Lj~0y s!JdRI\rFrϳ=rIjlK.noN<G  |\'`lF18.hHwV3rtko#JՑcLHHEX:ƍӝR\'gIX/RR$,\\$E^ViKxr~\ngAƓ-QRW#íf5bZudC%tz}1-~|rV2҇\\CPeqJfJ5hR8E[*v#`uv{Ee<:9;G{@@3L(rCO>^V8}y\'\"˧(wP<I=p%gGb<z(~{^#yМ΀!^\0ݓ\0@ԱH^mj4}D{iLY,i;DSiAT\0T:l|r<p؝H\r_\"NG#qYv`$	IkK8 b.%\n(xt\\Zn1EX<9y_\\:(HBԽIdzߙ΢lv:8R\r6Hzyf((tT\\rbM >\n>y\0;_]\\yjv>_2_85hi=w#F/!eC*c_HcTJdv`ЍT	ʐF)Bj@4a+7RƢ8v=&\Z%֔:NYړf/v^yS*ҧ̔LN~npǪn%n\n~_Czmy?G\ra85Q?iUI(,Շ:)%Ki|ɻ_i>Ŗs,@te5}\"\'٥|Y:Ѡ<WdGЪ[@W{At\r,EO-z+Rf\rs.bC2iY-Cer<*xAZIb;w<L%HfX&rϥ  oZ\"(0FvV8Vc`\rR{ß}lDSU].eVJ\Z\\+\niUtXK[yIFPiьޮ	GnTNM3{j&6+N/\ZN#`l	2WJR)Kh-<>&ڌ>Ma?sy}Y2(z|8-z2YtFIZx{6W{0|w+s(~S7nRNEg[,Y\r+,QK\rU\'+G9P8(y0T18ڌM`dIB(\r\0@\0jx|8M`7yY8[Ŵ|FZܳ\\ndˈDէHUzq2cUnxZB`	eF;䘼ITJb{Hm\']l*9yORb1$Ɉ{2Ћ\'zޡ*a;n`*Dد`0H\"\"	q(`fq>!.P!	SX0U\"mԂ,\nSB󃔆pig0=ޏ6JP&r$4l@i\"%_J6͈tIdR2E)bŮA\"⤆R^Eb2\ZͶ0W[ڄ]9R9.;\0>i$~JSJ]B#ȬSkAܢȱT$&(?T@Y?< ͮN0ač劄+a\ZԬҤez|fzv3UC4l}PPKTG*kk8kƫN}a{3A1RhkׇC|\rnIXXn`UbJ84(s0Jx>lj4a]l*M\nv_r\0h .s~맫%%+\'2MX㻖QvC \ri+)No3+\'MX嫺R^4>FE{͔p7ș0i2q@(|~TKIGEW\ZIb\0\rhW		/P4\\WSqs3-sr 3՘#	Pݎ$K$E񝄩%RR0f\Zr׷\\HIR+AeMzo(RBRT.&btZ*Spr颋\n FwtֳR{>^9I!URzXm[]s5W7\'0VZ	z_s2}&	jҊR<\Zb{3XP!Kۘ`vLOA&Vo8ծs|\noeR/Y}\n<<2AqHU%@=UT1\Z<5md#j$f~\\t`;8۷N7=J_hY;\'WVz%cvv}#SMׄQƐVEP2`siK٦jX[8z53q6g:#-<nIKk2 Ig2%LZۚ>j(v=_͔H\\Hfn]8Q{nkrw{	}9Bz!3SIgKyj3X[HkhQ~;^aJ:/&fl꽛|}	hK9&CYn+l2\0\02n*\rTur.u\\^>N\n0DM<gk/*l|C%$VJ~=KkO[>ݯXƋIax#\'x	&\"6psB/?.mgacȧQR1^F¦Hg%Ė/]]v\\<+t/=\rlDx>{0ZLHd˂c/P,F$ӖipO\rs%綪Oe$֘X㞸Az*$%72nJp\'\0XA\\D1\ZD-#q\".e[1ȍ^>XrBQHJrqIO.]x~7dMENRr˲N+q>\'i>O߄0K)ewj[LmΛ+EZ{ﲥ		;sv04c|^>rj}[w~~~0Ѧ̀ԗVK,cTXZ%~\r̨cLm*Og,5Qªwa˦FϨahGvE^PҟgEoƖ54vFhSXEf*=WK3*!K%J=#zAgTCQo\r`\\n*894T6QA?a\nҏQoDNוl*>;krjv^Ѻ5+;J5PRB\\8d9\nWiTĮ\ZP:G.MB\nIQkϙoDB\07I\n)@.e0a6>UP;;vRCC?MY4b3X46zW珽L|k@X^K6+)O2tǫM*;MU`)G\Zn5.\r۴!ݽwH=NtaC[2;wE=z!n-\n$A1uwU 8Ȯ\naGZN;M,p变1µ6?דl','2020-12-11 15:20:37'),(16279,8631,'audit/log','x]mOH|-Dbs6&rH+y̌Όٱg(j[$G\"~*$:Y(2~~&_St;>~4&yO}mE9J$mxa:Ga1!{;JaxҘ(I ofۯ\rvzw$ܠwhN& OI6i<M4A$\ZlEEA\nAr|sU\n.WlvO}0{g4J&yh_1\'ku<\'x(|{Wr%t:xlpyRu.təy3:9|8r{7hޠwwxroã\'ahC\'UEWmCL#IR]#{u U{4EyZ\\[v5i)C)\Z[u6LE]\\D@{i:>Oc,q~4x9Խ@{f\n5G\'ПADL~pV#m1jfTm,@@ ̰9 #Ҩ+\"-\'HD$-l$m#ԙ\nUg)-w^Ugڌ\'nt8׶,Q6;^/;)~o66>N)/\nNI$8.*Zx)P5ģΌ7ZUg#n)2(KÊQ9E{&ɰ@67h#VpCk%U	0@abxKj,$b-P@f	)Y>웬p\r,c!;0yQv	q^)KA\'\\zygi9.tywڵV#h!`|\0jz=|:,9}=D,QOYhM\"P@ЌM4E{e<Mit[΀b&@c@3YL\0w3* =<v*B#cʺ(R\"(w2\"8|9zJ;PcN(/F?-u}HJ\\Xĵ&8&m\'ώΛ8C¹\"p|A9&sAr͹v\\|vknW}*|\'g|O>t?w?#t|5hG1^>@Hp6kCnnBHCO.SiO/Z\Z=וv5Sn)4)7Kha^HI2H١Xk˪\0~%cn5U6e0+ \'֎a1s-1&>)exZgfqV?G$)>[\"B!c!LY/efD\'$2@\':A\0=rt둉dI9P}]vhҘJe/6@`COM#EDK*|{Sjb̓9kY^s,O3<CX*\'n\r]ꌊ8&$Jtp0OXrw4.d!.d}LIԃk;]Ƥ_tAI\rƷPQBJ6ۉߵ=](\nu*6İcuvmE\Z\n`xΝ84^a͔wkH9y41@ʌL[2 R*A{p(E$7랔Fpx|XaC.+PLTd-3S%\'p6JJDBa>mJUAd\0Y-:,\"DxZ<nx[<+&8^oW4 )3G[l*oC3J,G&8%(.\rW<wh~.`ưvqYBZ\\hqᑇe~efZ̯()u<\"a\'0;7EGcl`xW\\mx	ٳV@X`WyO%-0N0[߷g:p\r&TJ`S<Lj Qn?+YSmܭ((P(-<|]0|O@)E^bU,q#\\8|_ą1=/\\LQ&VS`R艭瘠ԔVNx;!	n$)BPQ/A*;ZzFq{g\nԿr`ǽg~	-^1h!L76j8}F}=If;LׂSIž=1yM{z}\'!\04^T(	{w1\n񈪹~գ\nmŽBRB|傚s<~:dk)]4o(ƒs˘rػakK־M~Y)|Dg&f^E%w.VB3}W6,++,˥+Xsf\0#}S$ΗmVEiyA^/P0}{LQˤ4poυH1\\_V .S#\Z|07:FKȄJ8c%PXNn++ґ8uVP6c\"Ex2جѪ##\\=fˢA^	00PQ/bZ	UޚB˰ce\0t\'wh)&bIQm\\vחYef:Jzp\"RSQ􋪤՚G\'j\"t{km\rJ8w٢3QSS<ovp\\::[`#KV@{9wLVo/kبONQfJŶrv#GNTNeU -O(O^NTL-	@Ъ4QFXɁN%UP2sl#h*\'P^Or$rٙVLu^ȱ#l*&L/+[BgN\0gz-m)y9})N%5T	82!80N\0K9Œ̆ʁ5?`P`|%R]X+bmԂIXfNӤ¡,Ʉ$\n>1U`r@`\0DtzH8_vo7\r)zfׯxw/','2020-12-11 15:20:37'),(16280,8631,'audit/profiling','x][o~ [>=p=\0rG$ڱ$IL0b7[R2b˲ef.xIK`4z2V3BIKAqb2TYcVQs6䟋E5ko1r!h8,h_\'k}MoEa<u&n?>}惢:k[&-[_>t~{T	!\\2H#,| @B[%ݿUn7Yt\"Ef|Er+V}0zûջ6b8]P `{ֿ\nLRL(#y]PD(FdFR&(\"j_Oo^d+Xtӎ[åOŸv^g+O wߙt~|4cz{}k˳R4}˱_]Ͼyogn9O.ּ?|K 6HV$?^%7+_)?d=c>)JiʗVK<l\\ށ=l1b)YZ0-s6		OH%M^fhIU)Y4`:^o_do/oB{ݎG8;\'Π~O\"ۗ\\|hώc=goaoҌ#-._~pQ8 fe\nc*c9g\'?\'\'FdS3 V\\gР	\ZN5+\"i*-%a\"^8s&8B?5UR	\r4L<iM5[IQ<NxNx=c32\ZXe\"-^\'B%v\\vŀ*~\r;k?=wý\rC̟`Brk2D.p\'l,Jl2svQ4W6`<A+8B2ɤ:z!(g{,ՠق\\9:84ߴ@AOޏ:>pUSt4{߻}C9]|}5+ju$Xa4\n;ITȚK@ǔ	!SjD⌢\"	Ejv\"[\"%#\"bQـ߀Y*mONp^,x%Jba,ÂS_L+PLt䒐N+/^OnJ_WF8Kڜv*W0Nɪ\Zn8IWn=؍cN.nOml,u~/e0=@\ry>?pqSݻMv؞L,K-ZC,&}x|+y\rg@s:pz5tOf @-RS yE`b	yhf09cH\0dRD\\Mj;CUKQPqKlw\ng#5Xn:|q{8Fea:BڡK&$LK$ɮ=:.\rdHRH(pqi-aUDJ}qbƢx\"92QP\'`PNu~g:*u\\q\Zm^UHPQ`\\ĚAȣ}|rwAU%|dh\\}wrk_+{>~Gw_4_V+%BԩˆT>ƮH]\nUA!73ҝAAʍThq:N]F5SaVd7˨]gWk\"J\0)3%\Zܱj[*zº_^E0wQsN`MjFZU)8G3\np+mBFG	R\ZWO .:]sMIIv)_Dd~WG\r#zEi4\0D+qDwRtآN e ;Wn\"F88i/SU2T&W]3pRP+qU$f!sGs$9y_Jhe)\\	b+\0fqK%c,hgo5& W=0M@4`<0apQRhlѱbpZeNd>K,\\!~ͪA&p]S:5쩡b>6JP8h8}W8\'Ȥ^)IA`T,^RLI$k38-|+&:NePpZd*e8덆7XlaWQ/巾nh:`Yu4WX\ZN&V<rpC|NʧScS\\lh3*7)f4%	[ 7\0^7YUVo6\0Fgql5Rn-o\ZEk}rϚos-#U\"=J\ZTmbˌVɺMRiq\n%a2c\'Q)+E#t=JŐT\'#DB/-Dnxj b)8faƧ\"$D3ġFzč[<Ȼ@\Z.$La\0jV!P\Zvr܊S(LR\Z}_.p7ڄR*9FCʑаbLD0|=+<4#2T&	۷IE	L\ZnK{ybYl,j#ϛm1Faѷ		ͻFsrv]v0|Hr@ޕ&7;U\"FYa`6.샸EcHLP~0>x`A..f]ha^	KV\"4Y?_ai-I&-Y7^.~xLf,l\ri.:zTp֌W(/;fۃbќ?p׮3.\Zv;ܒ3#:s0npBqiP`^}q99%húV%Tj$\0@]*4OWK$@KVNre8ֱw-<@\Z6/V<YS\0|fVNrM)~U]tg/Xcq[\"HjfJSWeL4lLƸ} z>p}m*se%ף+QXy\rFj1\0zHn(\ZV.Xf߹bl99ǙjLhIwrAhmnG]%NT))xrLz\r[.k$)2U&m7A)z!s)E*E	{DSf1:-N8RtrDLAt#;:YVC)`=[Yc$r)WKw\\Gӫ7\'0VZ	zۿ_s2}&	jҊR<\Zb{3XP!Kۘ`vLOA&Vo8ծs|\noeR/Y}\n<<2AqHU%@=UT1\Z<5md#j$f~\\t`;8۷N7=JhY;\'WVz%cvv}#SMׄQƐVEP2`siK٦jX[8z53q6g:#-<nIKk2 IgO2%LZۚ>j(v=_͔H\\Hfn]8Q{nkrw{	}9Bz!3SIgKxj3X[HkhQ~;^aJ:/&fl꽛|}	hK9&CYn+l2\0\02n*\rTur.u\\^>N\n0DM<gk/*ltC%$VJ~=KkO[>/XƋIax#\'x	&\"6psB/?.mgacǼQR1^F¦Hg%Ė/]]v\\ݻ<+taM{\ZBǁ}(`\"7֑ɪ#r^DYI-CGJmUʈI1=qTH@KroPe$/Ng(	*b4,[8FDP]^*oc;(|jN\\EϻVU-Gw&o*ɚƋb6F{YeV}b\rCߏޅ0)R M}\r/	aR,&m}3cKԶ0gڄӝ7WXeKmw\08̉ah\Zcak|̅lMmkì\"g~C2R_Z,eSAci560*1\'?@PxF%^\n߅.\n\Z=BzAKj7QWQ[jGPTMa06\\-	*Ψ\0\0+/Q+POQaE5qܞ@PxF%	*|K?7VO4zF9]WJN}~ȩ\ZOQ9zE6֌o\'g|J*@IQ/\nq(\\%rRk\"nB\"hB1S$7)\n)$E=ga*A$)u|eL8d;TIBJH	\rݪ<:7~dj`<&]z[?2q!bN\nxO/fP8+Pb?6줲7U]iո4nӆ,wJN#;хm b_4UmHC+0``4ܾ1VY.b\0W r+fi\r;d4Õ?b۷o6','2020-12-11 15:20:37'),(16281,8632,'audit/request','xXmH+d=wA dT<ٻZFtԙ%.IꪧjE_r]\r8ot_s]F^bIHy΋!F!A z`iEDЙf (qI\r[$@\"BN8c\nE9\Z&hAweQ;0hWQ)ڒۡ77Mt+\\gs[-Mc\\DYT\"\nK(vDpNdou|>ZVO4^5poDAbQ/\Z=Jm 	xU7VɄVgPi@&+Sq\\\ZR$}T\n0\rg庣5)$QlR%͋>Eu.ly _\nh#._FBK^JB-KqG!K4Uk*J2DRo\"x𠔥\nEz<a\nժ$r΢`J2ʉtڿmr+GT	q8)(RSC6(\"`Ug8.l9=${@YNLT@{*\0K$\Z0ڰQZ\'-AÁ%4ғf9QyΒ do>* lmPSd(ֻ&#ti&0+`Ռ4QƬEniqE&oh2]^{B oIb_0(AYV[D\ZHxާ$|]*qq=F\"$*iԲ\0UݥaM,DY~ \r [ㄮTrv2-%*\"5N23R[\\\Z|x`yuQn>A\'fg*蓊^EK\nƸrǢ~N]\0TrȔ,R\Z9-\\ne4Cϛ-}o+P=s8ma0Mk?1qaMM75<069@i۷#%HRo9?+\Zl=k19w,r=acu;Y=vړX\\f;ޓ%۳ɪ\\\"S`]=.w4r81^f=\ri\0\0+1(iC/Kk:l0Ru.m^Cy&Յ^8IW%pHIcĖRy]IFUxez/٠<zCX۳.+hգg	T߅c^#=ʸZICWQxCtDu]GBzp8aP9 ce:#y:2a[:}W\r%(;  ༇>T5k6(7wƵKz`x;=	riU72s02Hд݈$Q,:ڽwb,NΨz0)\ZmP\\o4m!%</XE8z,]Bjut^>24q~K#سRNGHA\'׿oɊat$>tGKL={\n_ey< ,gcf_j2%XGXUʜw7I7i','2020-12-11 12:22:22'),(16282,8632,'audit/db','xYmS8QڤMqg^®/@mv;=IQvrsIpldJlf$5OJUFJU[v]98=Ugr|<SzǽRշ1\rX@visz߀CSz`E3MMC`dQB!g6vH]RX}xxPoҠЋbi5<O(Wnp\\\'ĪJQ(Ma)af.}\'IDW8	{~(F;9\n%.U|m!\r3jT_]MahMGX0}~Z?j(s*n&ia\r\Z yr:}97|G8pĽ3NDy(\Zuˇ;W\r],puR]+0yQ}|2rwГXk|]0ɨǞjOt,B:dn%sC$߿s*gWFNȱBsYdvyfTz[\Z6&:$$ܒHiL2SB41B!^scMĔ0\r6m)^[m$Xe)Hb<?<U`jYT^rU*5]&Jbσ5ObckMq\\d<\nC>:\rO\"M@kW+f+\Z$W3+լ٪eMrDN˚$%(:lK-)?+*M`JFW%D4Zrh7ۋA{x\'οs3IOo\"IS^[ʮ<:22qVAPA6)Xw\\}>waEձQxEtĻr]VjD|=q2wry?N<Y^2ul#uNfdh_-cTLLQ}z*>KRѠ&B[.n\\ԑS\'s%Ry	p9\nH~ ]HhY-d7˗1~ǐbO:TaX@1*Lܞ}e>ǖ;h\'iD;0)t&y3ؙ1.D4KZlAN,`K$\0xт}3:Uo+=okޡV(ԘA4Q< !љ/OFouPe*~_\no^M\nd9}k*<341<[UeMϓh#oJ','2020-12-11 12:22:22'),(16283,8632,'audit/log','xY[OH~WXA\'b@-+H$/_؆gIpbgQV۪$̹|:ާԦ;ciRL}@UX\"ؠIbx\"@B0m̃`tǦ)\r)6URUn.UC@\r4\rvsI:q@gO/z&yd.ttD~b[/-7.:m\\!k\0G\0Pn])WY*,:A) m(Y*n\\݈)b&Ӗ_汗Jbbh4kL9rSց#y	<EhFa2m&)i]3yI3E<ҫ$9r&47Ӷ?݈-7ܵ+ۣL;*Hix[q7wQKY1Ӑm.ߑė	\\a8X.3G=R ?՝f%\\AQ\'ؕ5yn-GO\'J@nŞd\'.,hx吀rDC[gWj#Y[nnn^{U#*TaEkLӖI~+7TqC:HeRò-˔jkA6*zy[[P2}fqJItĪT&V@@0cP@&تiUX~zfWSu~5_\r\rrFuYiaR#&%TY 7Io_/qhw<c2WfeW8sR5C:ڕ]q(\\Κ&[jªIT`r1ͽe_aXw5jk/tI/wl5ƦYu5:rqO1 +[A.6*meiЀ);\ZS;06U\0Yjӣ\\i2P?˽vS\";p^YP_/u?_ehSOquQWjRSI1h~R	|.%QӋl\"Fo¤3ΛxӞц\'Z6-8h<(KϦl8\nRX3sN҄\Z^1EXs?d?\"RuM]鎦\Z<\"HݥJΡJRw(!T~!fQ,`͈8zv$骭;.#i\0wawcth\\NC-c\Zt]\"%|>`9W:rMz~;VS6s]3re۲la{v8\rC-Q+A4,`i{x','2020-12-11 12:22:22'),(16284,8632,'audit/profiling','xZmS8ίKX7Ciz&w$\\d&1\0_c4o%\'$Ii0H+9CoÝJ(8W\ZMNEP#uL4|Րe\"f#d3F6Ci^ɴp,oCUAaҾQ]o^E˂8rp~:q&%iOc/p}_Dn(\ryV	u* ǉ䩾Yk\ZB@	\ZLk0za̩oݤ~wwWaVF~})KQX`ʤƾs(no*9h J>cv(ҪvKIvs*Mʬ5oT[y&8\'g=\n0uJdf>U=FIC[Nxw~zjO?:ƻc,3.\0\Zn;YY7M\"d4	\"d#Ѥ(l<mwwj8YQW/4Ga4WKȓ~?s/rysaW]I*w-Cw=Sϣq1oIl\'9>R;vK뱫%yn+&/o=]2cT .dcOO:![ɤz ͳf\\]@jmJzL{-4WUdWϴ$FnTo[(b$d`+b\\!S\Z\n# dͅ7S&,\ZS2+)&֛9Q<vG~aNk*7$T//WQ֪&^HJ@%.Õ̺jaEq\\l<a=V\r0Ҹup]1ZMĜ<^\"fݼ4)PnYSjg=kq:bK-))W*-J򭒠\"+1\'Nk$(<CF=/3gC]ǺKIgstztXw0dߨb԰\Z\n4PH09!귺`&Ε_**Ľt{9{\'ɻrSVj=uoߵ*?\09ɃzEK(DTXO	ia\\PQRk\\jLј!c+\"XFT4[.\\.Rl\n}2\'3_K*Y@p)\n0kwA .vx{Ńy`U1KP&jM:~(ôIID0u{f|J)DXoܤ*1=9O䅘[%\ZX-ݦOc[l	d!G\\iv?Jg[HQltg뇐Br\"q%ou^@EGUc\'Qrl}Y	6w|Lj\"~F3e\r_\'v\0p','2020-12-11 12:22:22'),(16285,8633,'audit/request','xXsHWTTy+!ʵ\'xa!.WA\Z@6HH<i~:Uq$LwMHT!ћziA\Z\'6E1%Q/%)JwI\'q(aI:Ǆu%aϘ(I%\0mpRDPa`RA+0\rUQxw+Imap\Zn^0x?uTYU\Z»3Mp>BgM-iͪX˚X4aR)lpJtTKRKo\r<̺:假RvDaYH1ݡ=J<iYk[r)VEPz+6JV߂,O3\r\nW;\0a	9+Mwnq^4J>9~ْcp8TVvd~[ֈ$8;;E}s:lؽDI%EuX((/SD--^B*Z(<\r䥴#K,U_\\(XB#5&lyB1dh^/*e0Jg|Vic9hj4#jue+/ۈ dQٛ^MZKL0_j{hא\r.!wP*it1\Zďuk_w׫?}jǛH|S7Amcmcs-4IlYj7tzKAuB>LV/i\"О\n_j\"I>kQaѦļ\\4>0\'dF+v<\Z\0v6Yj?f\0`Q3a,C\rLD\\}\n!S4\Z4yB9\r,H-aI骬;&;[JʉD,\rF$.Q%)GF,|/E\"6%hE,lGׯׯ\"\n8Q]͌OdYbt>OI~⟽\r`٠K;ŀglwﹹ_tv:%Z1\rtO$:]|@b$=zBA2ގ`07ĹtTRWɡJH\"-xϸSJ2h]Wxͅ\nLuQUhEh\\CŅQ\"ӉU+/\"O.fi$Ss/&f~s.a^y^WqT>]!%+(C,R(Y\ZLiS#h6C81,Ohr\"8=m6uݑ9;)fS?dF9Xm#cҟPqOSg\n\0cYC/!>[?XDgmgڴR3X`\"oݞe4٥o;«맖<d5)rC)ԼL^rv{|/Mcozj7ss}e	h\0DԲ\' Ͼ{>$\Z=Џ?*27ٰ?¶Y{s\06\0ZFL\\W% .^(|/<m2iy\'^?2ݗ	>zv:gc1_ߠkuc}e9zj{Dj@yuxϝufYífg8?S>amF}\01V_E:3_^B:~ƍ/u@GH=#nK^\rh|r3:f{tÚTe ێ5ZSYtƦ3zhj.!g?Y@#MS)\Z;GF(<\\3nod`)6(ZUki\'QI(sup{l	2^W`{˺[ ~`k07:ܐ7IړwԦ\Zpߍ)QNi6i{քO̮O$8ݑpN6U<K+e;vM*oI	','2020-12-11 12:22:38'),(16286,8633,'audit/db','xZ[o8~﯈x]`;uLjX0[f̨}hЋ2@\Z_9|4;2QxW<*LcqEEҍR[r|~rOO[}Fc@hƎӳ/zG百mx8=՚m@\n4\r\0HXEǐP,caFMȵat鸼$$(UoͰzwwW=z};6CgUAt SQ\\\\WC9\\:>	kۗ#ߊ횴m?5f,׌\"yԙ/_̈Ő[~ƭ \'a2\n%(dCQkOV8uV8HpLI8Y6Dw\Z\'\"XQ}w7C~C[W7g$	s Lv?gNǎ)Z;Q7|<}$(Jc7q2c\rC1yl͎ҒHdc/jOv̋tJ&W\\\ZY#C+MVL.ı܊Dvya\\ۆ\Zn#	ĐJ		}l%	$!YꔄYAi8maJ65(H\ZDktMb6*6#XS<SZ#ۉbǛ!ia6\\iXeUЪUNTT\nE+wIvB-W0*NJ6	xeTOS!Dyl`)}S蛗VɜlM稝JH&z,X1\\a#q9iqD KKH-N㬫4[Pva0`?U}ť3h=_Ir3`OQ?9otݤBP$*U@Pte :P@PYyoyU%֜`N2S]`J_OܐI6t9٢=2o7SIeXBv򲞨Sc=i륆zVޒ(IdK-(hR ׾ݶ cAƏ\"5xä2ڰ \Z)\nӤcǷsXv|̃5%P]nJG9~#Pz\"&ѾKG\"S=iE@;ɍt*d>!\r!eLIņXOrMYA\0I\0]>~RW$0i_*HUY9i6ʆq(ڔ#hG.9\0Nykd0αE!M(tފG{3Ȑħ.ԹI[AaIY-۞)VbOB~&؛}^=;_yPﵶ?D b=\n\Z([\nA\n>s?&E_1\\!@idiCP@B*ɾ2g!\Zae&FUuӳltY6yqgօsI\Zp^Cj)VI$ALWpp:I2Q?28S\n\rc\nƼ>ct7u1','2020-12-11 12:22:38'),(16287,8633,'audit/log','xYmo8_aBNbӱ]^_ $nk^ؼˮo\Z ܶz[	03̌18cn/غqeq.W`A1aĊZ.E@`^^LG(LRPm93ESaljLi=ȝKډ	??˳3t?<\rEMXDm8IVp%ѼM/0/\\׮\\O`K\n4ﬨy߼I|y\'\'M\"7Is~/n^¸1尓Ble_\0Lr^x8c.}ygŢ\rKą)6Nl5kMS1tJ24IM7F!;?x&Hi8];Ӗ3\r,_,&%nM\ZozRfH2Ԕu9ird,=,Mx=ĕD`gXSOl.-J\rȷؾOdQ{\"{~WVА{{{X^xa-Kԓg@~&AՁB:dÒEʍ%?t.:{#,Bgd桫+{-Lefvjon$+BTuQrAy\'39&A1lADQd+\rJ7!w6,-N#AjfU3f[*@%E2%8w\\WtMX~+i8Ǖqe_6\";V&RFeAUv{u{\'Q&br13nm}\0@d&HXpO\0gi94\\9Du6\ZJ>C։B#L0FpBj_\'*TS-=3ECܑU\Z3kzZ8B\'ZWDT](IeL(W4zT/\\L/Lx`LUEϙY̪\\Nv;ΰ\n)J\"g&&҃<F&CJD.\n?4T$gľw7\0#t<=t.y\rSR8ZS^e^ӕseߐ)_U	Ŭ$\0\"k-ut=n5F^/8W$|<ש87?V(S`[56!H6Oskјy+g<3\"B)H4CRMn<Օ y}{Y$FicP)O\n~>cLN\r(ܙS?;W/wɣեK̟B%h%\0W\"yg3ϵ\'],$eU[`,mq9b^_1W8I~DDR\ZT\\^JbbCc)&.mnMe0?>)c\n?','2020-12-11 12:22:38'),(16288,8633,'audit/profiling','x[[O8~WD})رSS4RyԆ@v\\f㤅\\D$_s`[;UF7ga0x#x4\\0 1jd24lgp&*\\Is N⅁7ρuv$Q8t<{sOi`rҐOՃ_D*7uO;[!S}uP3d05a &4ęE3o\0V~iGE2pèI:$[XFu?t umx1dNxT)FAj7m08L[Ɏe\\#鄑;8Uiނ#02\Ze{=+zaFgDXΗwmd_ivݣWgs};p-Hf,&3*qFR$yg`LV:׳ILiv4j:Id{AS5F~f$d$G>͹ki,|[݋ۓZfG{E~ț#RA>LXO?s6L^t}t7r}нv<<gqt\rձә%3o\\93$/V\\ۚ|SmIXv[h*dWj[rQ#`HB\r	EIoEE +IBC\'H<u}BB|Bea{n,UL(g(K0YاbF1O}:Ul~l\\/,[WpBP5TwdnMժǑSozCs͂s֯[4u#+]Ʊ3xұ7;!Q7e~&ǹyiN˲SJL/YY}XRc0%AyZb;촎tpfI Ko>kIph|\\iI;nC?iuBۮ.\ZԪ$5k_۝cD&[kW7 f^y-й(@ML}^{f)|\Zr\\A1cؾ\\.OFP:kȉ[V\'ºJX7u͵&u\0K-),-	d,>{wmIƒEF1>H%S/ͤ*Y&3(@wv-H`ֻ\0pv	;2*CD` #\0Zvn9ZAD1fo<8UB׳Ђ؈̤=9I\r1diF%XMMS\0%ޓ\0<^02拨0nU_*^UU;;֖<a0\'!8z\0p=܂\'3mWl<nso BA*\"C&2ƍ=b0rüʏJ$LgCLLIG$Ú/.1)u6\\t4Q^Q2OL\"փmN@鎢TI|MWCϷۘ0reg^6#w}r.KPk\0~FӻRT	\0U*6\0c?0IQ2{Pfg~tdLɘgp?','2020-12-11 12:22:38'),(16289,8634,'audit/request','xXoWTwcc%6hl`|W5m.8S.wVt9`wvv735DEj-Pii)DAʶi\'pdAVI-NFN\\L4:G!N4r}D.\naG+fhG~Rwxɍp{ji6>rz3^Y][5}Q}:$ڪ	\n5Ufh0g(`>*[QYBޚZ.sdEd&\"wQdMpJ|d{8\\UBE3\n・F\n_rڣ8t#WZeU?\r@6QY1┙ܐB5	HID*t At0S2,<C2J66	c\0Qֈ9Lgl6^({,I͆\\,FSx*\rmp9n,=0SEmi).\ZHRhK2B)-Ҳ򄖰HmMU]Ⱥk|S!CD\'YR>/<ʮfoDI#O4QeFC,z\'\"	Nȗz˺::6~X}J0C.lUamyV)(?}=J ^|%ymk5z.\0[r#IRJ\n9>(%DJ6||#0]\\;~\Z^h\ZqSO$^o&	H p]dyfyM-4\\Alء\'V)J/}O RTEy}!a%tXڬ	c]r@#IU\n8;2h||dS;=%va@diд|3mCkBz5vS\'FO0cuD	3Wt\\.:0=h9~:憘GfI!wy߉	rc~/ׁy\09y%N{tW~ xݯqw_O۞>V0~\Zw{mniH뭚^]9B\n0*ECp$Q͍6	d6*&b(*N.rk\\qHJ;ɫ+2D7 0_+)ͤT2맧\'[3dXdFNL2C[F|۞:of9zߘcNl=8oHP;Nǘm$N+=_0\'9-\rʖvpr9\0־\Zbiީٴ}A.a\\ȓo]NfFgnܘٳf̪;gZuktk	+WOM>$5)˴MƬ\"_<zG-}{Jr=z|C<NЗDQV\',]mC/Rĭ	EKL*(6{68Y.\Z58>\n?r\'IP~qЋ9fs]3L.%u`Մnбvfc3\'P\nw6ޝHR|Ǟ	㼾	=8y\0bʭ|?Xu!so	/ÇZU@	\ZƗg9 `Én>mK5*}I}6>@aڋNXR8@Z`gJ)ua~{skX,ibR^ ñF{PB%FQtAjwvu(]|*]|}fx|rz(`i[t\rI@\\~?MKDr\'Q7`nRlIy!YWB0n]ʋEqmp%MrG!ykR:zL{~w7۩E~%H=\\ \rqrC#򢔄ƪj','2020-12-11 12:22:39'),(16290,8634,'audit/db','xZms8_a:Cr^,Yr&7@pmb~@^\0ei#\"+!gyE؏m\\]q|~rbUOO+5zjzZ}φÀBs}k훞Iڐ\0^\0\nUwS\nP&jn:\"\'$oxwwWNNVn]9_ўO]щнr%վn)I[\rRavqX]#<CVv\'mWy6!t)89]\nN\nhbS&Gp9|tR:osWhAD$XCS7#q)\"L<}K.w͸}-|gx9hqX3jF)*ǥpZ굝WƁ<~ls{Nrͨ(G<3;z`ҩ&33=rӻY){Õ3gMMֽb#T牶4jqבj*\r7,|..ZkY0̙fhoڱ幭ƸaB@CtI7Hj15\'0#`zIS.QżDᅨsP])zV8jUYP|J$u8\r.4\n1:	#X%`	C\n˹!\\S\\ոZR7&yht3FyA#+vu%%2ӍmH!ːr٭89iitD`JZ+Y(WnEa/4nY^z]|QIuۑpv?OK5c[EJv<P(@y#D{\Z275ϚW|m9L3Bk<>sIalH鬱e{ܮk;+XIBfr5W\ZJXCk\Z#AsBO@,ٞLx!rL~2ڇUiGoȸ!K#s\'sG+!`-\0?^K:7J;3JgKH\rUHc:x|2rLv*\rodar5JhGHqz?Nd؆**Ǆ	lL	\\BIj	(.Zw?,0d@Y\\oU?*/U8)Ɗ8p\'ؚ-^\Zard=\\(l\Zl\rM5`A):a\nj\"l1ǲ a+sL<C,{xsX nJ4])Nۼvk+?\nNUbwVv˽I޽k]_7%?RM\'i_2s\'YbsC.Ybk`HpȉuGv(isHx36F|Arq0͕Yfz8yxTx_R4gR/S)?/gK/rϨ\\:','2020-12-11 12:22:39'),(16291,8634,'audit/log','xYOHbU\n ~,逆6$-	׻SıÏ4ov8(Pڢ<}:6KLV	xؗ<khy#aJxQԎSV=Yey[>Ϧ2Mx(&.úbUST[¾yK߿[Ŀ|D\'\'sr~)\Zf	qG(e:TMdN0\Z\\x>q>N~C7.Jc/ 	mAr?C6OrB.SjK/I&1nI	sav6Q	?%7;Q6N\ncb\Zؐ`\"\0/^x^\"\'\nC.`(&>GIڈI4H\"ǳ;wG@޿Z}z7ШJEJFzj8j4z[\'il{a:,t<t;HoH(la q<S	:ziV]|L\Zb:Gc[~ةGw+,muQ[k6ؑ[툉eH疬h2^H@DmYWg[j#7ͩ+53[\nϮ>X4 6d.Ye:A[1šd3DM2Rjj4%lgiP?,5?{aԪN@J@%`\nP\ZU.y!ؕ\\ldUX~+e)zzW]~_rFqfQYJ\rDSdTZK!6zu8=,< @ӛO_9\0H;1V5A7h[^X&9\" 5l֔\Z:w=hVB=L0F0BjUwZ埠Oy)&dί_]\"&in\nJƺ5\'f9MҜ_1!rzEKTpչ֗v@q_+3&g4Xx`LUj2CˬJ/d#?\0Tbʲ:Ul\Zr_kW7y*#18%vh)9I^\ZpZ{%~ӓl\"+7TxC{4О\"bTDҳeׄǗlT|\Z\0Bf*:izh<Z 9zɡlbQ5L%1X0T(?jU	ؠdM]zXUXuAo86	}c;V^ɻpj_m7YmeoN7ys}Oo2Zg8\ZfPŝ܁)j/Hi<VUȣi\\*%nK氡\"&P \0&TTS+cꪶ)7Uܐ[%W.FKJSQ>?gˀѕHނ~8<IP\Z!K#/vq#vX̃,}\rns4bqSFf͈P@d>gUMYTQW~4,b\0wwwS','2020-12-11 12:22:39'),(16292,8634,'audit/profiling','x[mSHHQ[^)K&]voﮨ@F-I0	z X[y-CS3sp`wLL1bT3CS5sܾmƄgЩs\nl֕sITcRx\Z:1sվJy{t|=Squat fw״v۳\\1.Hǃ_	5sCicy.ac\r:B*1FZ&\0N\rM\\\nn7³h/Q\"${PE׷E/,^sz\'|x&u)ɳ^\"uzV榵9BqMnĹ=8\ZVi@uhsmI왪sc0?Snj﫟SzzqV)\'3%ߚufu-6H89\'Zd$RpNQpj&y21i4kq}K/Af0\n,ǋĥv3=18|+]kIa+\\k\\=drXSևj{%HVJc;PcEVϿRskJE:aNF5vvd,MfF2z=rIRv_\r#klǣ;MLQckĶPxl9M9_id!߰pbKu-#r#f!N)\ZR:fK:P;u@VcxCJtI7HQ]łqŘN%sT[ۉ0u\nh.DUj[s%ƣ*Ax(2@%΂rbœCpzºVaVu9wU)k+\\_qD7Mrtg;Ju%%QؐrC!K礥4-,WjRԫӑ\nA$ZI݄@\0atEN HحӋRMَâeW\"]%uRF0@cV<AaIIy~ߏaF_EƜi`k:H%	\\\ZCf>alV/	_kHaXX#ԘyNR`{2?2<cFaLȈ~2f-&#Y>ސqC\"#\'$$Ɋi\0#9Џ%8$vfgqB?uC1\n^OrV:IFD0v4,ϸ>ǒRh#Q|:at&>*~OJ`!ct+0`X60Uuběd~A:}FK@8+r]Y1N߹yFhKKc3\n	xQN5Òsg\r̠lL\ZЍGA7ݧb?`Sir͏1ǲ`:?Cg\0KsL<c\n.>=Wj%0MDBͮv7d7g	?p\rB%騢np^˃wQow׏megvӊZ\\xTfq(v\rɴ$?n%X050Ahȩu\'vHihu#Ij`_lCƩ-chT]e:tM22NyMXFcĩs=N?ӉL%L{?[zL~\r/X','2020-12-11 12:22:39'),(16293,8635,'audit/request','xXFW,Hcct|<t1ɥMe۱It{g^w4R+vwv|3EE^[nPytA뢠LB\\F$]ob%I^@LiB(<	\"yshCD]Z(w@$m6WN8w{nv3ta6*xEVr{};t\':17}rř,b^SB%iBSӸ9Z,nm\0uYknD*}~Ov~?nfm!=D#Sƫ\r*a5Wp˥F¼k8H(^n(s!T0ּU0U\nָ$q%4-E{k(HT(r6ͭ|ԻF(,I}$u.yV/`ICi)-$Zk)\njKRZv|9Q(#Mځ\n\0\r	Ro\"^79|*dK\r]r*VTE7{PѴ8ۏjAg6*oR{$@{3uQ:<a1m4KWJ#s2ܨ\')k\"\\e=,NIV֑^h\ZD\\\0L>NBEU`m\ZQjMTA92S[\'LQyט%\0DظT@.۠ڧQi$t׻:\'vi\0	H pgRƙGƵZ4\"pounm\"jK4(`PV,4ag\Zrڻ`z\ZR^uC!\"vDCUW\0A\r]//.Wrw2-[%҅*u@iU-.	M>`<ʻ(7@Zק:dC%}!Z)UWSBoq`張Ւ)\0Btky̒CםyC{~P;k+@0LӚ\"	g.zԴ{/cc:X\03JiC3K\0i۷#1UH]Әo9D\"l-fYh:̅c_ܝCn＾3#.M?Pl=itIʱ]J|^nsywjuű7]f;C3D>X?Y\\$)flaRAp&Tgo>\ZL:kl$=!t#%W4&uUݟ\Z{dLEəcMl׺ͺM6֞c.G1Ic(͡Ёcݹ@?;PMhzoq¡0snAB?tF#u|xL3jK\Zs01=M5}Anጙ/z`;=4	riU/8s0ŲNH,xR\'ٙX9k_\\<^_8#V_s}%h°s\\5:@\':̮;X^lpu) J)Jܣ({*AuvY3p8(H1#oɄ7e.:2X$1u@K5!^&3?ƬAx ?Lx޲|0!,^dCU&#]:pwE\\|z(','2020-12-11 12:22:39'),(16294,8635,'audit/db','xY[SH~WxACU;n)\nP$nt)^j(\"};}s׍`GN)I^ɤTs̝à8D8֗W8l6ZY\rJ5<\Z;E0\n7翡G\'y`YB\n|lfCg6]NȘS޹qz(z&aP{dO-\ZD$s(WnopiRgLԴחðQ-e)af)n2|ry\0CG78Q)9NL|49&\'4vN&`V~2?0Icnr70Le,/e,þ{1s÷t2WM2p\'St֑-#o<nCEE͆^Ƕ~wSw]0yQ}q-2y$;zձ̓RP\r~R?ϵoxHm\Z=i[cǞbeSmi	d%-0Q,nX^,\\]1x-Y(L1Ӑ	>Yqg#B5!%KCdRBel!-ٰ9)_,ݡ]غъ\nι\\\0w*`˪&qzJLQJm8.r.|:OBpSdg\0dZYk-\ZW++ȹțʛ|;QhZZnh1\\e	Z}MY)x$(JqU?kǍvsZz۽8\Z	.h(~S߱<:Xz;?\'U:Av2HTPzJedcK+>,(=urs]Vkc\r{aV#v=ceu2C\'C\"oI@Jp3Y3ƌ+<6raosR4~/ҩ9{&LV<XK<~.k$P\0BnGWH~t!K -K٘` cv)>Va\nRHv>R\0eL;+\\:U	=돉g|Fd0W`rԢlmdfrlQ@>3BUo=o닁> I8mLP]x\r@cRb(OSiF DAUPvYlmZc*L$~a!G$ڲR]nMJ&0P?A[ݝ','2020-12-11 12:22:39'),(16295,8635,'audit/log','xY[S8~Wh؁ؒʰ3[vh%}L\"xZ64v8LζS!F1&M!͸hń~\n#\r\0GH,IhGic{>Ʒ<ZۣT-KUᴰa3˨J=ԀlMU[m?ȃ+̉?~7@o/$<lśN0dG\'ZQl~KaBsCƕi\0\0K{:\rG^(I?`H8J{<%[׷r;\ri_eJrݒ\"h\rrL.\'Ll܍<8mPh?h:ML=GTѴfzs8x.E\\|u,ㄻY\"ⱈ]cob\0^\0<w8*FմmUEpduϻ=?7nE0?JBd¯x#{M}}/?I½![r֫u32$90G^.~Qe):˝[\rPON͖CJIXtɆ$Mʍ-9u/g#$+{-,7g76L6̟0領%+L1~TXq{cBjXNְ>1$d[6M~ou=՟EPH\\#G5pS3e][5oգQŪz	YT_WxiDܶQ%-(-ݰNu?bTX3-Gr2Yoнް$O2rCV>p\0T㐧q&jr>v/Wvy)-؜79DMl[jÄ\nt0jGaF՜qS^g^fmiкe5ˍܕX\Za]\nZn~(bz\0d)^U\rul$rfVkFp2~Ge]5GrՌ;&-Y&~\r[hj{87Ђ_ǛW!<TAtN5zФhFez2?p{.8$QӋt\"FmBҙ>5O!YbmSϵ6B4FfO/`C^</t\0rZhxQY䛠\n,2\"z\"z$R(M!M]َm.mqm_%`sB	QU۟|#xKʏp$ln)8XQG$hhfrpÛΰC4$\'jKim[3th\\B|BcsuM#VmjƎMKy^	kWnB_ldb;Z,~rf#ufΏb\n!l\0A','2020-12-11 12:22:39'),(16296,8635,'audit/profiling','xZ]oH}ϯx!Y%0e4۬R\rd=Ivj;6$̦Q\0gg93®*qۘ	Č5ٕT٨Yd{&sJñem\nOB? haҾQ^onM(`|QIO\"w}]Nyy,o\'Ԯ}]#Rpda.kBC9Ӯ:6@\"MlJ։www4oUEqSuHFAaR?M%lJ\\]3]ojKscv:IR\r捓#rΔdt|HmҸ`G\"Ia<^U=[Hyh;?=5ۧZY1s\0\r\'lH,[&5Yb%49h\nD\'28\"\\ic\'wT!IcӾf~b8\n¹X]Xs1T˫w	(v?qULzy#1:F>iGzne~f%N+/+o=]ct&.db/jO7,C:dIN\Zʅ.7Ϛc\Zxv鳛y\rO]II`sUչ3uiI68\"䖅[,b,F\n5S2,41.Ґ)ߊq{CF)0&(iJ	͂[&Gd39*K`gixB!aeK`P_9[$vGU\"\Z\\WN*Σ͒\"?\n)v|5	27WMW+ȹʛʛ喩b5;(PZ\nXs2ZZ[Zni:\\u\",	*4ϺI۞ F\ZB\Z|џ<:X9{?G͎a}ts7$5lP\rC?]xD&؄TVk/˦$&.]6B<s~\'>ƭdaQ\\kO4|6\Zqb$Ruj2cPҸK\\\ZL?0AcN,+<˿.r[.2)E}q?}T%kL)\0Gk$P\0BnGWHz!Os&~A6q4]/J%q0IJ4ڛB@pjr/%s#>脞x\n{sPy%%9\ZXMptK-^\0X.f%<Q9\':ͮ1Fqv108D5KlY3P]C(%\"q,A(SE~JN/~ܱ0ʲ_֘I4$7,zD[UK\"&گhS8N','2020-12-11 12:22:39'),(16297,8636,'audit/request','xWmsH~f+XET1/uF,2,`4%qowX݈4}OVZ(]F}M5EJiMjځV6kZ)688a6 ?p\"iV\nPB^@\")TްIq\"%\\%C$˲NQ 6;a6fڅqo:ȤzY6}w8+zJ.c5fY.*\\VUa(	\nRGC-]+իWJ̪\"<ђAcė\rQ@\nP%N>%؃]M\"I2\0	+gJwz`W7ʗ``\\=[KW2()^f\'NnkTYA_*\']*_Q\\W:XV<2y+,R*jLz@5{s*x,1͓1$K]CV7<MMr, z%^y#ɚ<Fw6Whu\\sZՆRk_B^p\'.HE}1&IVAz\0}	WRG4}*kQPbNvY)+*Q)_sj@$JQ+N.1]chMT4jzhVZ；;hS%Q-J^Uޗ-x+84up0M.MjHtJyVА570R⡠cq=Lskc/Ҵx@}1JhA0pB؀ڑplO\" ѮԞk2M*%GA:&a)eLCrFO\nzA[V~x A5.L/4Fi%?[\0!8J+/FÀþSjmV1o9}A51as\'ٱpgWw\"=EW]w<ʖ6Sm̑\Zpl`zndв0u0©\'3sdkyk0G)+G-L\r3\Zc~0yB\'Bg!6꣙k_{f]۹՝١O5h+ggǶJ圖cv1xVY\"St~#Q&f|t9;UFq\"4t@{_OBH&={#pْ<Xc$;BzLY(Uʵ\0Ev+Gyq;lQzWCzC5;htHǱm[	%vV:xK_\"te]GJ=~wVp=KψTXPп2fMׂv;RxWW8Vkd~%LC:@y,Y,gIJN#f26^ΛOccvSc]`;uDQƜ⤲?Aϯt9lfS)kԃ*wwPʓDM<ȾR==9Q}mN19Қeonf','2020-12-11 12:22:52'),(16298,8636,'audit/db','xY[O8~WD})%qT]t4v;/\ZȒvҡF(HsɱLB쒧&sClf`{ߴOSw:kz_4垟y%S()$tjSy8Y9\'S97=`Y\0@5LDe͂7,x3ǔ\"\ZNxM,i~N@\'92Ctdeqsu#qG\\G7y48B%<&KS5ZR)TPf%#rjG֚c\nN62	^0M63E4e¬ֲY	];&\'ycGi0?@ѓ΄_G3)%=8?Iǩt>=Y0~#}-;Q]|\\Ʀ.kc_=KԛkHOZW\"fٌԁXfBIfk)WH}}uji윥|_I-\\W2coأop})O(e{JF2(iUPMPnL\n`9*N\rkݡIg=<dӿO/	LqȳXO2?aٍi?T~zե!m}@t|YG\0#  rrLT?XͺxOe.Btw:LǃtGڮݐUw>^ꃈ$N5fy%ELsU\'Y	h3If#lT0\Z=2ZebK)08c8B\0&P^\"3`jWX[#%>x4yѪ1ۘsQ/q[u\"`\n\r&Xcl_gl\'?xR~X~8Z2\n]ܿȆQR/wA1Ù?VW\ZI.@n?UB,xt*,\'>,RDRR!L^	lEf6\nw\nu<E\nۦqbTiN\rζF0mۀVЮSh[6j^iru3dujl˯-GUJRV)BE%@Z)q\"@ӔH1jrJ׏AI3\\/OTq[(&1<8dnB %l{I)_uo<hv|r&Z\Z?^nWQF-p՚\r&h0x','2020-12-11 12:22:52'),(16299,8636,'audit/log','xXo8_aB{jI/#Nb.}A|ti	wéHcx~3ΘQL*F̕bK\ZF}SPN9Prhcq}`>\\?9Cxռ÷\r_|Jiq̒ү9+MhuBuMe۴ܒiJl`6.E\rcI۷oUG-OT\Zb ZJFOZ7W7#p-`S~\'A&Dc XlW<fL\"TAVLJeluSHhFNP$ض1:w9@7H;l(^JU֕<ȥJg*\rf.B9yFMJSE\\}T}>@? \\y2Dʹ+Q\'&%\'gVyr\\2fZ*,ݐg:z(!1<q]f\\&h8(8,5,cQD]ؼn~x<z6B]z{6YS[i:Ohä]RE~.\nASЦش]\rڰrR욏#y^=tiS\"l:%jJb]\rÇG:4sLz(n;_*<J@rp~O#td7UΤH\rHPQS{-a΄Mb&jѿutwƞl<1q\ZHqk;na][8Af_ 8/1Ķw\09r^6¦i)hz/h]53\"֘/hɈM>vq@bRMǶ9 oW=wsT⏮yn1dѳ.!ΤZ5HB.k O\'cokB?K\0Qݮ)?pLjN2-<\rc#\0fyĕ)LKeLzƩ9i]gPc&gڴ:&c\"Rv&97d]r\"R^ٶo9omS}M[V_ -jɃ;7(\'G?F0Ew͖yƾ]8\rdTf1]=ټ\rC7yfOy\ZږЫ	+/wya]˜aC9ia~\03Ȣ^pP/K$C\\}F,оW/3pRlF6hׁĥ~p]jS9C8.','2020-12-11 12:22:52'),(16300,8636,'audit/profiling','xZ[O9~WXAˌv(MUV4d)14k{d]hho|̱1rkdVk\"@Q+6e~(k-`EE؁gi%8$ϑz2@pdG74\"98V8K2Nv\"y4\"{g-,\\tF=KAKKI9¼6w6:_J\0\0 7`ֺ\Z\nh~LM\"i4/0h^ȋ7\"j*@䞟5d<O˫ZYGRGLC5BfqRi ԌpK/ͮ\nԃk[;J!n/>#O_%q52XU}nxrbN}i51e%*a(\"/,³VRX	(8l=_Kui+L9\rv,y7THDQ6`#Qc\"e\"ƙVy}8?:Phǩt1<^:[tqlg9[뷒[c-1o*2V[-^;fqjFv߮Yd>b,!]Xɼy$\rNZmST\Zm̢JF\r/E\\\ZeCu`5%F6cH%\n_)]΢\Z\n`9*.:zkwy&\'$Oe2=_oUO3ơ.c?MȤ7ٳ:<vn]\\<EMEU?[u<\rЀ\r@=@\0-8BA7,j?e.6Btw:D\'tGcWnHȪU*c/YFEǡ\Z-O4N5ְ$Cg%\'Soغ6FFب4.1,53\Z}8Bwji_E<oC<LYU<xN(Zsx({]Lu*`\nd?ۓl[y2)c?,aby	,Ge.g5c\rX_%!j\n)O#9{lYȴө$aZJ!%rʌ%P6qx~oVlc^QE(\0Sdꈭ?x56J_v|n\r6vEKSTls3gȚyMߖo{]GUJRV)EE%@RE\"vU%V)ES\"\rz5MF?=tݞ;kI=6h\0J.Aܷ&wGǡ:iCH$,ο|oҦm )lq~-x<mV/Fx3B1*6\nmz VDQ\r\0_','2020-12-11 12:22:52');
/*!40000 ALTER TABLE `audit_data` ENABLE KEYS */;
UNLOCK TABLES;

--
-- Table structure for table `audit_entry`
--

DROP TABLE IF EXISTS `audit_entry`;
/*!40101 SET @saved_cs_client     = @@character_set_client */;
/*!40101 SET character_set_client = utf8 */;
CREATE TABLE `audit_entry` (
  `id` int(11) NOT NULL AUTO_INCREMENT,
  `created` datetime NOT NULL,
  `user_id` int(11) DEFAULT 0,
  `duration` float DEFAULT NULL,
  `ip` varchar(45) DEFAULT NULL,
  `request_method` varchar(16) DEFAULT NULL,
  `ajax` int(1) NOT NULL DEFAULT 0,
  `route` varchar(255) DEFAULT NULL,
  `memory_max` int(11) DEFAULT NULL,
  PRIMARY KEY (`id`),
  KEY `idx_user_id` (`user_id`),
  KEY `idx_route` (`route`)
) ENGINE=InnoDB AUTO_INCREMENT=8637 DEFAULT CHARSET=utf8;
/*!40101 SET character_set_client = @saved_cs_client */;

--
-- Dumping data for table `audit_entry`
--

LOCK TABLES `audit_entry` WRITE;
/*!40000 ALTER TABLE `audit_entry` DISABLE KEYS */;
INSERT INTO `audit_entry` VALUES (8623,'2020-12-11 12:20:07',NULL,0.623548,'172.18.0.1','GET',0,'user/security/login',13755784),(8624,'2020-12-11 12:20:16',NULL,0.0484631,'172.18.0.1','GET',0,'user/admin/index',11659328),(8625,'2020-12-11 12:20:16',NULL,0.0598221,'172.18.0.1','GET',0,'user/security/login',13749480),(8626,'2020-12-11 12:20:19',NULL,0.106394,'172.18.0.1','POST',1,'user/security/login',12285952),(8627,'2020-12-11 12:20:19',2,0.094661,'172.18.0.1','POST',0,'user/security/login',12177296),(8628,'2020-12-11 12:20:20',2,0.327918,'172.18.0.1','GET',0,'user/admin/index',17720136),(8629,'2020-12-11 12:20:26',2,0.0613949,'172.18.0.1','POST',0,'user/admin/delete',11929488),(8630,'2020-12-11 12:20:26',2,0.0738871,'172.18.0.1','GET',0,'user/admin/index',17525904),(8631,'2020-12-11 15:20:35',0,2.05804,NULL,'CLI',0,'migrate/up',8969344),(8632,'2020-12-11 12:22:22',2,0.0656171,'172.18.0.1','GET',0,'user/admin/update',14284152),(8633,'2020-12-11 12:22:38',2,0.0501032,'172.18.0.1','POST',1,'user/admin/update',12675888),(8634,'2020-12-11 12:22:39',2,0.104026,'172.18.0.1','POST',0,'user/admin/update',12569384),(8635,'2020-12-11 12:22:39',2,0.055968,'172.18.0.1','GET',0,'user/admin/update',14332440),(8636,'2020-12-11 12:22:52',NULL,0.0881519,'172.18.0.1','POST',0,'api/usuario/login',11821696);
/*!40000 ALTER TABLE `audit_entry` ENABLE KEYS */;
UNLOCK TABLES;

--
-- Table structure for table `audit_error`
--

DROP TABLE IF EXISTS `audit_error`;
/*!40101 SET @saved_cs_client     = @@character_set_client */;
/*!40101 SET character_set_client = utf8 */;
CREATE TABLE `audit_error` (
  `id` int(11) NOT NULL AUTO_INCREMENT,
  `entry_id` int(11) NOT NULL,
  `created` datetime NOT NULL,
  `message` text NOT NULL,
  `code` int(11) DEFAULT 0,
  `file` varchar(512) DEFAULT NULL,
  `line` int(11) DEFAULT NULL,
  `trace` blob DEFAULT NULL,
  `hash` varchar(32) DEFAULT NULL,
  `emailed` tinyint(1) NOT NULL DEFAULT 0,
  PRIMARY KEY (`id`),
  KEY `fk_audit_error_entry_id` (`entry_id`),
  KEY `idx_file` (`file`(180)),
  KEY `idx_emailed` (`emailed`),
  CONSTRAINT `fk_audit_error_entry_id` FOREIGN KEY (`entry_id`) REFERENCES `audit_entry` (`id`)
) ENGINE=InnoDB DEFAULT CHARSET=utf8;
/*!40101 SET character_set_client = @saved_cs_client */;

--
-- Dumping data for table `audit_error`
--

LOCK TABLES `audit_error` WRITE;
/*!40000 ALTER TABLE `audit_error` DISABLE KEYS */;
/*!40000 ALTER TABLE `audit_error` ENABLE KEYS */;
UNLOCK TABLES;

--
-- Table structure for table `audit_javascript`
--

DROP TABLE IF EXISTS `audit_javascript`;
/*!40101 SET @saved_cs_client     = @@character_set_client */;
/*!40101 SET character_set_client = utf8 */;
CREATE TABLE `audit_javascript` (
  `id` int(11) NOT NULL AUTO_INCREMENT,
  `entry_id` int(11) NOT NULL,
  `created` datetime NOT NULL,
  `type` varchar(20) NOT NULL,
  `message` text NOT NULL,
  `origin` varchar(512) DEFAULT NULL,
  `data` blob DEFAULT NULL,
  PRIMARY KEY (`id`),
  KEY `fk_audit_javascript_entry_id` (`entry_id`),
  CONSTRAINT `fk_audit_javascript_entry_id` FOREIGN KEY (`entry_id`) REFERENCES `audit_entry` (`id`)
) ENGINE=InnoDB DEFAULT CHARSET=utf8;
/*!40101 SET character_set_client = @saved_cs_client */;

--
-- Dumping data for table `audit_javascript`
--

LOCK TABLES `audit_javascript` WRITE;
/*!40000 ALTER TABLE `audit_javascript` DISABLE KEYS */;
/*!40000 ALTER TABLE `audit_javascript` ENABLE KEYS */;
UNLOCK TABLES;

--
-- Table structure for table `audit_mail`
--

DROP TABLE IF EXISTS `audit_mail`;
/*!40101 SET @saved_cs_client     = @@character_set_client */;
/*!40101 SET character_set_client = utf8 */;
CREATE TABLE `audit_mail` (
  `id` int(11) NOT NULL AUTO_INCREMENT,
  `entry_id` int(11) NOT NULL,
  `created` datetime NOT NULL,
  `successful` int(11) NOT NULL,
  `from` varchar(255) DEFAULT NULL,
  `to` varchar(255) DEFAULT NULL,
  `reply` varchar(255) DEFAULT NULL,
  `cc` varchar(255) DEFAULT NULL,
  `bcc` varchar(255) DEFAULT NULL,
  `subject` varchar(255) DEFAULT NULL,
  `text` blob DEFAULT NULL,
  `html` blob DEFAULT NULL,
  `data` longblob DEFAULT NULL,
  PRIMARY KEY (`id`),
  KEY `fk_audit_mail_entry_id` (`entry_id`),
  CONSTRAINT `fk_audit_mail_entry_id` FOREIGN KEY (`entry_id`) REFERENCES `audit_entry` (`id`)
) ENGINE=InnoDB AUTO_INCREMENT=7 DEFAULT CHARSET=utf8;
/*!40101 SET character_set_client = @saved_cs_client */;

--
-- Dumping data for table `audit_mail`
--

LOCK TABLES `audit_mail` WRITE;
/*!40000 ALTER TABLE `audit_mail` DISABLE KEYS */;
/*!40000 ALTER TABLE `audit_mail` ENABLE KEYS */;
UNLOCK TABLES;

--
-- Table structure for table `audit_trail`
--

DROP TABLE IF EXISTS `audit_trail`;
/*!40101 SET @saved_cs_client     = @@character_set_client */;
/*!40101 SET character_set_client = utf8 */;
CREATE TABLE `audit_trail` (
  `id` int(11) NOT NULL AUTO_INCREMENT,
  `entry_id` int(11) DEFAULT NULL,
  `user_id` int(11) DEFAULT NULL,
  `action` varchar(255) NOT NULL,
  `model` varchar(255) NOT NULL,
  `model_id` varchar(255) NOT NULL,
  `field` varchar(255) DEFAULT NULL,
  `old_value` text DEFAULT NULL,
  `new_value` text DEFAULT NULL,
  `created` datetime NOT NULL,
  PRIMARY KEY (`id`),
  KEY `fk_audit_trail_entry_id` (`entry_id`),
  KEY `idx_audit_user_id` (`user_id`),
  KEY `idx_audit_trail_field` (`model`,`model_id`,`field`),
  KEY `idx_audit_trail_action` (`action`),
  CONSTRAINT `fk_audit_trail_entry_id` FOREIGN KEY (`entry_id`) REFERENCES `audit_entry` (`id`)
) ENGINE=InnoDB DEFAULT CHARSET=utf8;
/*!40101 SET character_set_client = @saved_cs_client */;

--
-- Dumping data for table `audit_trail`
--

LOCK TABLES `audit_trail` WRITE;
/*!40000 ALTER TABLE `audit_trail` DISABLE KEYS */;
/*!40000 ALTER TABLE `audit_trail` ENABLE KEYS */;
UNLOCK TABLES;

--
-- Table structure for table `aula`
--

DROP TABLE IF EXISTS `aula`;
/*!40101 SET @saved_cs_client     = @@character_set_client */;
/*!40101 SET character_set_client = utf8 */;
CREATE TABLE `aula` (
  `recursoid` int(11) NOT NULL,
  `alumnoid` int(11) NOT NULL,
  PRIMARY KEY (`recursoid`,`alumnoid`),
  CONSTRAINT `fk_aula_recursoid` FOREIGN KEY (`recursoid`) REFERENCES `recurso` (`id`) ON DELETE CASCADE
) ENGINE=InnoDB DEFAULT CHARSET=utf8;
/*!40101 SET character_set_client = @saved_cs_client */;

--
-- Dumping data for table `aula`
--

LOCK TABLES `aula` WRITE;
/*!40000 ALTER TABLE `aula` DISABLE KEYS */;
/*!40000 ALTER TABLE `aula` ENABLE KEYS */;
UNLOCK TABLES;

--
-- Table structure for table `auth_assignment`
--

DROP TABLE IF EXISTS `auth_assignment`;
/*!40101 SET @saved_cs_client     = @@character_set_client */;
/*!40101 SET character_set_client = utf8 */;
CREATE TABLE `auth_assignment` (
  `item_name` varchar(64) COLLATE utf8_unicode_ci NOT NULL,
  `user_id` varchar(64) COLLATE utf8_unicode_ci NOT NULL,
  `created_at` int(11) DEFAULT NULL,
  PRIMARY KEY (`item_name`,`user_id`),
  KEY `auth_assignment_user_id_idx` (`user_id`),
  CONSTRAINT `auth_assignment_ibfk_1` FOREIGN KEY (`item_name`) REFERENCES `auth_item` (`name`) ON DELETE CASCADE ON UPDATE CASCADE
) ENGINE=InnoDB DEFAULT CHARSET=utf8 COLLATE=utf8_unicode_ci;
/*!40101 SET character_set_client = @saved_cs_client */;

--
-- Dumping data for table `auth_assignment`
--

LOCK TABLES `auth_assignment` WRITE;
/*!40000 ALTER TABLE `auth_assignment` DISABLE KEYS */;
INSERT INTO `auth_assignment` VALUES ('acreditar_prestacion','2',1557760212),('acreditar_prestacion','4',1557759493),('baja_prestacion','2',1557760212),('baja_prestacion','4',1557759401),('exportar_prestacion','2',1562862048),('usuario_carga','2',1557760212),('usuario_carga','4',1557755303),('usuario_soporte','2',1557760212);
/*!40000 ALTER TABLE `auth_assignment` ENABLE KEYS */;
UNLOCK TABLES;

--
-- Table structure for table `auth_item`
--

DROP TABLE IF EXISTS `auth_item`;
/*!40101 SET @saved_cs_client     = @@character_set_client */;
/*!40101 SET character_set_client = utf8 */;
CREATE TABLE `auth_item` (
  `name` varchar(64) COLLATE utf8_unicode_ci NOT NULL,
  `type` smallint(6) NOT NULL,
  `description` text COLLATE utf8_unicode_ci DEFAULT NULL,
  `rule_name` varchar(64) COLLATE utf8_unicode_ci DEFAULT NULL,
  `data` blob DEFAULT NULL,
  `created_at` int(11) DEFAULT NULL,
  `updated_at` int(11) DEFAULT NULL,
  PRIMARY KEY (`name`),
  KEY `rule_name` (`rule_name`),
  KEY `idx-auth_item-type` (`type`),
  CONSTRAINT `auth_item_ibfk_1` FOREIGN KEY (`rule_name`) REFERENCES `auth_rule` (`name`) ON DELETE SET NULL ON UPDATE CASCADE
) ENGINE=InnoDB DEFAULT CHARSET=utf8 COLLATE=utf8_unicode_ci;
/*!40101 SET character_set_client = @saved_cs_client */;

--
-- Dumping data for table `auth_item`
--

LOCK TABLES `auth_item` WRITE;
/*!40000 ALTER TABLE `auth_item` DISABLE KEYS */;
INSERT INTO `auth_item` VALUES ('acreditar_prestacion',2,'Permite visualizar una prestación y acreditarla',NULL,NULL,1557243158,1557243158),('baja_prestacion',2,'Permite visualizar una prestación y darla de baja',NULL,NULL,1557243211,1557243211),('consultar_persona',2,'Permite buscar y visualizar un lista de persona',NULL,NULL,1557242128,1557242675),('consultar_prestacion',2,'Solo permite visualizar una prestación con la persona',NULL,NULL,1557242362,1557242362),('crear_modificar_persona',2,'Permite crear, modificar y visualizar una persona',NULL,NULL,1557242240,1557243629),('crear_modificar_prestacion',2,'Esto permite crear y editar un beneficiario con su prestación',NULL,NULL,1557242998,1557757844),('exportar_prestacion',2,'Esto permite exportar todas las prestaciones a una hoja de calculo (Excel o xls)',NULL,NULL,1562859993,1562859993),('usuario_carga',1,'Este tipo de usuario puede cargar, editar y visualizar un beneficiario con su prestación',NULL,NULL,1557238559,1557244060),('usuario_consulta',1,'Este tipo de usuario solo puede visualizar reportes de prestaciones junto con el beneficiario',NULL,NULL,1557238482,1557243805),('usuario_soporte',1,'Se encarga de administrar el sistema',NULL,NULL,1557160315,1557244270);
/*!40000 ALTER TABLE `auth_item` ENABLE KEYS */;
UNLOCK TABLES;

--
-- Table structure for table `auth_item_child`
--

DROP TABLE IF EXISTS `auth_item_child`;
/*!40101 SET @saved_cs_client     = @@character_set_client */;
/*!40101 SET character_set_client = utf8 */;
CREATE TABLE `auth_item_child` (
  `parent` varchar(64) COLLATE utf8_unicode_ci NOT NULL,
  `child` varchar(64) COLLATE utf8_unicode_ci NOT NULL,
  PRIMARY KEY (`parent`,`child`),
  KEY `child` (`child`),
  CONSTRAINT `auth_item_child_ibfk_1` FOREIGN KEY (`parent`) REFERENCES `auth_item` (`name`) ON DELETE CASCADE ON UPDATE CASCADE,
  CONSTRAINT `auth_item_child_ibfk_2` FOREIGN KEY (`child`) REFERENCES `auth_item` (`name`) ON DELETE CASCADE ON UPDATE CASCADE
) ENGINE=InnoDB DEFAULT CHARSET=utf8 COLLATE=utf8_unicode_ci;
/*!40101 SET character_set_client = @saved_cs_client */;

--
-- Dumping data for table `auth_item_child`
--

LOCK TABLES `auth_item_child` WRITE;
/*!40000 ALTER TABLE `auth_item_child` DISABLE KEYS */;
INSERT INTO `auth_item_child` VALUES ('acreditar_prestacion','consultar_prestacion'),('baja_prestacion','consultar_prestacion'),('consultar_prestacion','consultar_persona'),('crear_modificar_persona','consultar_persona'),('crear_modificar_prestacion','consultar_prestacion'),('crear_modificar_prestacion','crear_modificar_persona'),('usuario_carga','crear_modificar_prestacion'),('usuario_consulta','consultar_persona'),('usuario_consulta','consultar_prestacion');
/*!40000 ALTER TABLE `auth_item_child` ENABLE KEYS */;
UNLOCK TABLES;

--
-- Table structure for table `auth_rule`
--

DROP TABLE IF EXISTS `auth_rule`;
/*!40101 SET @saved_cs_client     = @@character_set_client */;
/*!40101 SET character_set_client = utf8 */;
CREATE TABLE `auth_rule` (
  `name` varchar(64) COLLATE utf8_unicode_ci NOT NULL,
  `data` blob DEFAULT NULL,
  `created_at` int(11) DEFAULT NULL,
  `updated_at` int(11) DEFAULT NULL,
  PRIMARY KEY (`name`)
) ENGINE=InnoDB DEFAULT CHARSET=utf8 COLLATE=utf8_unicode_ci;
/*!40101 SET character_set_client = @saved_cs_client */;

--
-- Dumping data for table `auth_rule`
--

LOCK TABLES `auth_rule` WRITE;
/*!40000 ALTER TABLE `auth_rule` DISABLE KEYS */;
/*!40000 ALTER TABLE `auth_rule` ENABLE KEYS */;
UNLOCK TABLES;

--
-- Table structure for table `migration`
--

DROP TABLE IF EXISTS `migration`;
/*!40101 SET @saved_cs_client     = @@character_set_client */;
/*!40101 SET character_set_client = utf8 */;
CREATE TABLE `migration` (
  `version` varchar(180) NOT NULL,
  `apply_time` int(11) DEFAULT NULL,
  PRIMARY KEY (`version`)
) ENGINE=InnoDB DEFAULT CHARSET=utf8;
/*!40101 SET character_set_client = @saved_cs_client */;

--
-- Dumping data for table `migration`
--

LOCK TABLES `migration` WRITE;
/*!40000 ALTER TABLE `migration` DISABLE KEYS */;
INSERT INTO `migration` VALUES ('m000000_000000_base',1552672687),('m190724_153500_deleteProgramaHasTipoRecurso',1607700037),('m190730_144525_add_localidadid_to_recurso_social',1607700037),('m200411_221328_tipo_responsable',1607700037),('m200413_171649_responsable_entrega',1607700037),('m200413_181257_modulo_alimenticio',1607700037),('m200414_020356_programa_has_tipo_recurso',1607700037),('m200420_185346_fk_reponsable_to_tipo_responsable',1607700037),('m200421_071947_fix_table_responsable',1607700037),('m200421_230417_add_fecha_entrega_to_recurso',1607700037),('m200429_165019_programaColor',1607700037);
/*!40000 ALTER TABLE `migration` ENABLE KEYS */;
UNLOCK TABLES;

--
-- Table structure for table `profile`
--

DROP TABLE IF EXISTS `profile`;
/*!40101 SET @saved_cs_client     = @@character_set_client */;
/*!40101 SET character_set_client = utf8 */;
CREATE TABLE `profile` (
  `user_id` int(11) NOT NULL,
  `name` varchar(255) COLLATE utf8_unicode_ci DEFAULT NULL,
  `public_email` varchar(255) COLLATE utf8_unicode_ci DEFAULT NULL,
  `gravatar_email` varchar(255) COLLATE utf8_unicode_ci DEFAULT NULL,
  `gravatar_id` varchar(32) COLLATE utf8_unicode_ci DEFAULT NULL,
  `location` varchar(255) COLLATE utf8_unicode_ci DEFAULT NULL,
  `website` varchar(255) COLLATE utf8_unicode_ci DEFAULT NULL,
  `bio` text COLLATE utf8_unicode_ci DEFAULT NULL,
  `timezone` varchar(40) COLLATE utf8_unicode_ci DEFAULT NULL,
  PRIMARY KEY (`user_id`),
  CONSTRAINT `fk_user_profile` FOREIGN KEY (`user_id`) REFERENCES `user` (`id`) ON DELETE CASCADE
) ENGINE=InnoDB DEFAULT CHARSET=utf8 COLLATE=utf8_unicode_ci;
/*!40101 SET character_set_client = @saved_cs_client */;

--
-- Dumping data for table `profile`
--

LOCK TABLES `profile` WRITE;
/*!40000 ALTER TABLE `profile` DISABLE KEYS */;
INSERT INTO `profile` VALUES (2,NULL,NULL,NULL,NULL,NULL,NULL,NULL,NULL);
/*!40000 ALTER TABLE `profile` ENABLE KEYS */;
UNLOCK TABLES;

--
-- Table structure for table `programa`
--

DROP TABLE IF EXISTS `programa`;
/*!40101 SET @saved_cs_client     = @@character_set_client */;
/*!40101 SET character_set_client = utf8 */;
CREATE TABLE `programa` (
  `id` int(11) NOT NULL AUTO_INCREMENT,
  `nombre` varchar(200) DEFAULT NULL,
  `activo` tinyint(4) DEFAULT NULL,
  `color` varchar(15) NOT NULL,
  PRIMARY KEY (`id`)
) ENGINE=InnoDB AUTO_INCREMENT=7 DEFAULT CHARSET=utf8;
/*!40101 SET character_set_client = @saved_cs_client */;

--
-- Dumping data for table `programa`
--

LOCK TABLES `programa` WRITE;
/*!40000 ALTER TABLE `programa` DISABLE KEYS */;
INSERT INTO `programa` VALUES (1,'Subsidio',NULL,'#FF6B37'),(2,'Río Negro Presente',NULL,'#ABDF7D'),(3,'Emprender',NULL,'#FFC837'),(4,'Micro Emprendimiento',NULL,'#FFF637'),(5,'Hábitat',NULL,'#4AF9C1'),(6,'Modulo Alimenticio',NULL,'#7DDEFF');
/*!40000 ALTER TABLE `programa` ENABLE KEYS */;
UNLOCK TABLES;

--
-- Table structure for table `programa_has_tipo_recurso`
--

DROP TABLE IF EXISTS `programa_has_tipo_recurso`;
/*!40101 SET @saved_cs_client     = @@character_set_client */;
/*!40101 SET character_set_client = utf8 */;
CREATE TABLE `programa_has_tipo_recurso` (
  `tipo_recursoid` int(11) NOT NULL,
  `programaid` int(11) NOT NULL,
  PRIMARY KEY (`tipo_recursoid`,`programaid`),
  KEY `fk_tipo_recurso_has_programa_programa1_idx` (`programaid`),
  KEY `fk_tipo_recurso_has_programa_tipo_recurso1_idx` (`tipo_recursoid`),
  CONSTRAINT `fk_tipo_recurso_has_programa_programa1` FOREIGN KEY (`programaid`) REFERENCES `programa` (`id`) ON DELETE NO ACTION ON UPDATE NO ACTION,
  CONSTRAINT `fk_tipo_recurso_has_programa_tipo_recurso1` FOREIGN KEY (`tipo_recursoid`) REFERENCES `tipo_recurso` (`id`) ON DELETE NO ACTION ON UPDATE NO ACTION
) ENGINE=InnoDB DEFAULT CHARSET=utf8;
/*!40101 SET character_set_client = @saved_cs_client */;

--
-- Dumping data for table `programa_has_tipo_recurso`
--

LOCK TABLES `programa_has_tipo_recurso` WRITE;
/*!40000 ALTER TABLE `programa_has_tipo_recurso` DISABLE KEYS */;
INSERT INTO `programa_has_tipo_recurso` VALUES (1,1),(1,2),(2,2),(2,3),(2,4),(3,1),(3,2),(3,5),(4,6);
/*!40000 ALTER TABLE `programa_has_tipo_recurso` ENABLE KEYS */;
UNLOCK TABLES;

--
-- Table structure for table `recurso`
--

DROP TABLE IF EXISTS `recurso`;
/*!40101 SET @saved_cs_client     = @@character_set_client */;
/*!40101 SET character_set_client = utf8 */;
CREATE TABLE `recurso` (
  `id` int(11) NOT NULL AUTO_INCREMENT,
  `fecha_inicial` date NOT NULL,
  `fecha_alta` date NOT NULL,
  `monto` double NOT NULL,
  `observacion` text DEFAULT NULL COMMENT '\n',
  `proposito` text DEFAULT NULL,
  `programaid` int(11) NOT NULL,
  `tipo_recursoid` int(11) NOT NULL,
  `personaid` int(11) NOT NULL COMMENT 'Este atributo hace referencia a una persona del sistema Registral',
  `fecha_baja` date DEFAULT NULL,
  `fecha_acreditacion` date DEFAULT NULL,
  `descripcion_baja` text DEFAULT NULL,
  `localidadid` int(11) DEFAULT NULL COMMENT 'Este atributo hace referencia al sistema Lugar (interoperabilidad)',
  `responsable_entregaid` int(11) DEFAULT NULL,
  `cant_modulo` int(11) DEFAULT NULL,
  `fecha_entrega` date DEFAULT NULL COMMENT 'Este atributo nos indica la fecha de entrega de la prestacion',
  PRIMARY KEY (`id`),
  KEY `fk_recurso_programa1_idx` (`programaid`),
  KEY `fk_recurso_tipo_recurso1_idx` (`tipo_recursoid`),
  CONSTRAINT `fk_recurso_programa1` FOREIGN KEY (`programaid`) REFERENCES `programa` (`id`) ON DELETE NO ACTION ON UPDATE NO ACTION,
  CONSTRAINT `fk_recurso_tipo_recurso1` FOREIGN KEY (`tipo_recursoid`) REFERENCES `tipo_recurso` (`id`) ON DELETE NO ACTION ON UPDATE NO ACTION
) ENGINE=InnoDB DEFAULT CHARSET=utf8;
/*!40101 SET character_set_client = @saved_cs_client */;

--
-- Dumping data for table `recurso`
--

LOCK TABLES `recurso` WRITE;
/*!40000 ALTER TABLE `recurso` DISABLE KEYS */;
/*!40000 ALTER TABLE `recurso` ENABLE KEYS */;
UNLOCK TABLES;

--
-- Table structure for table `responsable_entrega`
--

DROP TABLE IF EXISTS `responsable_entrega`;
/*!40101 SET @saved_cs_client     = @@character_set_client */;
/*!40101 SET character_set_client = utf8 */;
CREATE TABLE `responsable_entrega` (
  `tipo_responsableid` int(11) NOT NULL COMMENT 'esto nos permite tener multiples tipos de responsables. ej municipio, delegacion, comision de fomente,etc',
  `recursoid` int(11) NOT NULL AUTO_INCREMENT,
  `responsable_entregaid` int(11) DEFAULT NULL,
  PRIMARY KEY (`recursoid`),
  KEY `fk_tipo_responsableid` (`tipo_responsableid`),
  CONSTRAINT `fk_recurso` FOREIGN KEY (`recursoid`) REFERENCES `recurso` (`id`),
  CONSTRAINT `fk_tipo_responsableid` FOREIGN KEY (`tipo_responsableid`) REFERENCES `tipo_responsable` (`id`)
) ENGINE=InnoDB DEFAULT CHARSET=utf8;
/*!40101 SET character_set_client = @saved_cs_client */;

--
-- Dumping data for table `responsable_entrega`
--

LOCK TABLES `responsable_entrega` WRITE;
/*!40000 ALTER TABLE `responsable_entrega` DISABLE KEYS */;
/*!40000 ALTER TABLE `responsable_entrega` ENABLE KEYS */;
UNLOCK TABLES;

--
-- Table structure for table `social_account`
--

DROP TABLE IF EXISTS `social_account`;
/*!40101 SET @saved_cs_client     = @@character_set_client */;
/*!40101 SET character_set_client = utf8 */;
CREATE TABLE `social_account` (
  `id` int(11) NOT NULL AUTO_INCREMENT,
  `user_id` int(11) DEFAULT NULL,
  `provider` varchar(255) COLLATE utf8_unicode_ci NOT NULL,
  `client_id` varchar(255) COLLATE utf8_unicode_ci NOT NULL,
  `data` text COLLATE utf8_unicode_ci DEFAULT NULL,
  `code` varchar(32) COLLATE utf8_unicode_ci DEFAULT NULL,
  `created_at` int(11) DEFAULT NULL,
  `email` varchar(255) COLLATE utf8_unicode_ci DEFAULT NULL,
  `username` varchar(255) COLLATE utf8_unicode_ci DEFAULT NULL,
  PRIMARY KEY (`id`),
  UNIQUE KEY `account_unique` (`provider`,`client_id`),
  UNIQUE KEY `account_unique_code` (`code`),
  KEY `fk_user_account` (`user_id`),
  CONSTRAINT `fk_user_account` FOREIGN KEY (`user_id`) REFERENCES `user` (`id`) ON DELETE CASCADE
) ENGINE=InnoDB DEFAULT CHARSET=utf8 COLLATE=utf8_unicode_ci;
/*!40101 SET character_set_client = @saved_cs_client */;

--
-- Dumping data for table `social_account`
--

LOCK TABLES `social_account` WRITE;
/*!40000 ALTER TABLE `social_account` DISABLE KEYS */;
/*!40000 ALTER TABLE `social_account` ENABLE KEYS */;
UNLOCK TABLES;

--
-- Table structure for table `tipo_recurso`
--

DROP TABLE IF EXISTS `tipo_recurso`;
/*!40101 SET @saved_cs_client     = @@character_set_client */;
/*!40101 SET character_set_client = utf8 */;
CREATE TABLE `tipo_recurso` (
  `id` int(11) NOT NULL AUTO_INCREMENT,
  `nombre` varchar(200) DEFAULT NULL,
  PRIMARY KEY (`id`)
) ENGINE=InnoDB AUTO_INCREMENT=5 DEFAULT CHARSET=utf8;
/*!40101 SET character_set_client = @saved_cs_client */;

--
-- Dumping data for table `tipo_recurso`
--

LOCK TABLES `tipo_recurso` WRITE;
/*!40000 ALTER TABLE `tipo_recurso` DISABLE KEYS */;
INSERT INTO `tipo_recurso` VALUES (1,'Alimentación'),(2,'Empleo/Formación Laboral'),(3,'Mejora Habitacional'),(4,'Emergencia');
/*!40000 ALTER TABLE `tipo_recurso` ENABLE KEYS */;
UNLOCK TABLES;

--
-- Table structure for table `tipo_responsable`
--

DROP TABLE IF EXISTS `tipo_responsable`;
/*!40101 SET @saved_cs_client     = @@character_set_client */;
/*!40101 SET character_set_client = utf8 */;
CREATE TABLE `tipo_responsable` (
  `id` int(11) NOT NULL AUTO_INCREMENT,
  `nombre` varchar(200) NOT NULL,
  PRIMARY KEY (`id`)
) ENGINE=InnoDB AUTO_INCREMENT=4 DEFAULT CHARSET=utf8;
/*!40101 SET character_set_client = @saved_cs_client */;

--
-- Dumping data for table `tipo_responsable`
--

LOCK TABLES `tipo_responsable` WRITE;
/*!40000 ALTER TABLE `tipo_responsable` DISABLE KEYS */;
INSERT INTO `tipo_responsable` VALUES (1,'municipio'),(2,'delegacion'),(3,'comision de fomento');
/*!40000 ALTER TABLE `tipo_responsable` ENABLE KEYS */;
UNLOCK TABLES;

--
-- Table structure for table `token`
--

DROP TABLE IF EXISTS `token`;
/*!40101 SET @saved_cs_client     = @@character_set_client */;
/*!40101 SET character_set_client = utf8 */;
CREATE TABLE `token` (
  `user_id` int(11) NOT NULL,
  `code` varchar(32) COLLATE utf8_unicode_ci NOT NULL,
  `created_at` int(11) NOT NULL,
  `type` smallint(6) NOT NULL,
  UNIQUE KEY `token_unique` (`user_id`,`code`,`type`),
  CONSTRAINT `fk_user_token` FOREIGN KEY (`user_id`) REFERENCES `user` (`id`) ON DELETE CASCADE
) ENGINE=InnoDB DEFAULT CHARSET=utf8 COLLATE=utf8_unicode_ci;
/*!40101 SET character_set_client = @saved_cs_client */;

--
-- Dumping data for table `token`
--

LOCK TABLES `token` WRITE;
/*!40000 ALTER TABLE `token` DISABLE KEYS */;
/*!40000 ALTER TABLE `token` ENABLE KEYS */;
UNLOCK TABLES;

--
-- Table structure for table `user`
--

DROP TABLE IF EXISTS `user`;
/*!40101 SET @saved_cs_client     = @@character_set_client */;
/*!40101 SET character_set_client = utf8 */;
CREATE TABLE `user` (
  `id` int(11) NOT NULL AUTO_INCREMENT,
  `username` varchar(255) COLLATE utf8_unicode_ci NOT NULL,
  `email` varchar(255) COLLATE utf8_unicode_ci NOT NULL,
  `password_hash` varchar(60) COLLATE utf8_unicode_ci NOT NULL,
  `auth_key` varchar(32) COLLATE utf8_unicode_ci NOT NULL,
  `confirmed_at` int(11) DEFAULT NULL,
  `unconfirmed_email` varchar(255) COLLATE utf8_unicode_ci DEFAULT NULL,
  `blocked_at` int(11) DEFAULT NULL,
  `registration_ip` varchar(45) COLLATE utf8_unicode_ci DEFAULT NULL,
  `created_at` int(11) NOT NULL,
  `updated_at` int(11) NOT NULL,
  `flags` int(11) NOT NULL DEFAULT 0,
  `last_login_at` int(11) DEFAULT NULL,
  PRIMARY KEY (`id`),
  UNIQUE KEY `user_unique_username` (`username`),
  UNIQUE KEY `user_unique_email` (`email`)
) ENGINE=InnoDB AUTO_INCREMENT=12 DEFAULT CHARSET=utf8 COLLATE=utf8_unicode_ci;
/*!40101 SET character_set_client = @saved_cs_client */;

--
-- Dumping data for table `user`
--

LOCK TABLES `user` WRITE;
/*!40000 ALTER TABLE `user` DISABLE KEYS */;
INSERT INTO `user` VALUES (2,'admin','admin@correo.com','$2y$10$MnF9LJCnya.NrXIQBN4YGuRIdIuGtOSsGqqZTpby9RnFp7Chb4qEm','maXx0ibz2Br9UEfP06TVcltr0uOiWl4B',1556894840,NULL,NULL,'172.18.0.2',1556894840,1607700159,0,1607700020);
/*!40000 ALTER TABLE `user` ENABLE KEYS */;
UNLOCK TABLES;
/*!40103 SET TIME_ZONE=@OLD_TIME_ZONE */;

/*!40101 SET SQL_MODE=@OLD_SQL_MODE */;
/*!40014 SET FOREIGN_KEY_CHECKS=@OLD_FOREIGN_KEY_CHECKS */;
/*!40014 SET UNIQUE_CHECKS=@OLD_UNIQUE_CHECKS */;
/*!40101 SET CHARACTER_SET_CLIENT=@OLD_CHARACTER_SET_CLIENT */;
/*!40101 SET CHARACTER_SET_RESULTS=@OLD_CHARACTER_SET_RESULTS */;
/*!40101 SET COLLATION_CONNECTION=@OLD_COLLATION_CONNECTION */;
/*!40111 SET SQL_NOTES=@OLD_SQL_NOTES */;

-- Dump completed on 2020-12-11 15:23:53
